{
"VEHICLE": ["carretto","calesse", "trenino", "carri", "motocicletta", "camioncino", "camion", "moto", "automobili", "auto", "blindati", "blindo", "autoblindo", "macchina", "treno", "carro", "corriera", "camionetta", "macchine", "autoblinde", "autocarri", "mezzi", "aereo", "convoglio", "treni", "aerei", "sci", "bicicletta", "apparecchi", "automezzi", "velivolo", "autocarro", "cacciatorpediniere"],
"HUMAN": ["paracadutista", "mamma", "fuggiasco", "capo", "sergente", "signora", "generale", "marito", "informatore", "egli", "io", "ragazzetto", "me", "capitano", "parroco", "uomo", "ragazzino", "vicecomandante", "attivista", "colonnello", "compagno", "ragazza", "carceriere", "tenente", "staffetta", "tedesco", "giovane", "avvocato", "fratello", "milite", "partigiano", "comandante", "amico", "commissario", "contadino", "sorella", "studente", "mezzadra", "ragazzo", "maggiore", "fidanzata", "professor", "disertore", "maresciallo", "montanaro", "sottotenente", "civile", "nemico", "autista", "ufficiale", "maestra", "sentinella", "segretario", "garibaldino", "persona", "amica", "cuoco", "calzolaio", "zio", "moglie", "lui", "podestà", "ortolano", "donna", "padre", "professore", "guastatore"],
"HUMAN_COLLECTIVE": ["comunisti", "comandanti", "partigiani", "alpini", "italiani", "passeggeri", "loro", "contrabbandieri", "scioperanti", "cavalleggeri","preti", "valdesi", "patrioti", "ragazzini", "feriti", "inglesi", "repubblichini", "sentinelle", "nazisti", "noi", "capi", "civili", "nazifascisti", "paracadutisti", "volontari", "padri",  "sbandati", "capitani", "presenti", "viaggiatori", "guardie", "nemici", "staffette", "soldati", "persone", "ritardatari", "adepte", "sorelle", "militari", "giovani", "gente", "bimbi", "prigionieri", "ribelli", "invasori", "responsabili", "rappresentanti", "ostaggi", "ragazzi", "garibaldini", "cittadini", "fascisti", "uomini", "compagni", "repubblicani", "popolazione", "parenti", "torinesi", "operai", "spie", "guastatori", "tedeschi", "donne", "familiari", "amici", "ufficiali", "famiglia", "famiglie"],
"EVENT": ["attacco", "trattative", "ritirata", "rastrellamento", "partenza", "spostamento", "ricognizione", "sciopero", "passaggio", "perlustrazione", "prelevamento", "avanzata", "scontri", "cattura", "espansione", "attività", "interrogatorio", "guerra", "combattimento"],
"BUILDING": ["baita", "cascina", "rifugio", "case", "capanna", "villa", "casa", "grange", "magazzini", "fabbriche", "caserme", "caserma", "chiesa", "stazioni", "stazione", "municipio", "baite", "edificio"],
"FACILITY": ["prefettura", "officina", "panetteria", "segheria", "albergo", "osteria", "ospedale", "tribunale"],
"INFRASTRUCTURE": ["depositi", "impianti", "centrale", "centrali", "stabilimento", "gallerie", "aeroporto", "ponti", "ponte", "fortino", "forti", "forte", "ferrovia", "cavalcavia", "piazza", "muro", "cortiletto", "piazzetta", "piazzale", "cortile", "accantonamenti"],
"ROAD": ["sentiero", "sentieri", "strada", "strade", "stradetta", "stradone", "circonvallazione", "bivio", "incrocio", "viale", "rotabile", "pista"],
"GEOPHYS_F": ["scarpata", "vallate", "selletta", "collina", "colline", "vallone", "precipizio", "prato", "langa", "spiazzo", "montagna", "canalone", "vallata", "cresta", "pianoro", "greto", "crinali", "sperone", "bosco", "prati", "ciglio", "boschetto", "pendio", "versante", "pianura", "fondovalle", "valli", "valichi", "colle", "creste", "valico", "valle", "sponda", "alture", "boschi", "campagna", "guado", "conca", "dorsale", "isola"],
"POPULATED_PLACE": ["borgata", "paese", "villaggio", "paesi", "abitato", "centri", "città", "cittadina", "accampamento"],
"ORGANIZATION": ["polizia", "carabinieri", "esercito", "banda", "battaglione", "plotone","divisioni", "compagnie", "armata", "compagnia", "organizzazione", "plotoni", "alleati", "divisione", "distaccamenti", "comando", "brigata", "distaccamento", "brigate", "bande", "squadre", "delegazione", "squadra", "reparti", "reparto", "sindacato", "organizzazioni", "formazione", "formazioni"],
"WEAPON": ["armi", "mitragliatrici", "mitragliatrice", "bomba", "mina"],
"QUANTIFIER": ["centinaio", "ventina", "centinaia", "trentina", "dozzina", "decine", "quarantina"],
"UNIT_OF_MEASURE": ["chilometri"],
"MENTAL_STATE": ["intenzioni", "pensiero", "decisione"],
"INFORMATION": ["documenti", "contrordine", "messaggio", "ragioni", "comunicazione", "notizie", "ordine", "nome", "parola", "verità", "motivi", "nomi", "lettera", "notizia"],
"PATH": ["cammino", "tragitto", "tratto", "percorso"],
"WATERFLOW": ["torrente"],
"PLACE": ["sede", "zona", "territorio", "posto", "zone", "posti", "terreno", "luoghi", "ambiente", "località"],
"STATE": ["esistenza", "situazione", "esito", "attesa"],
"GROUP": ["gruppi", "truppe", "nucleo", "gruppo", "colonne", "pattuglie", "schieramento", "pattuglia", "truppa", "colonna", "corteo", "contingente"],
"POST": ["presidio", "base", "roccaforte", "postazioni", "posizione", "posizioni"], 
"MILITAR_REGION": ["settore"],
"BUILDING_PART": ["scale", "soffitto", "porticato", "stanzone", "cantina", "stanza", "camera"],
"LINE": ["confine", "linee", "fronte"],
"BODY_PART": ["gamba", "ventre", "schiena", "petto", "piede", "braccio", "mano", "volto", "testa", "polmone", "addome"],
"DETENTION_PLACE": ["carcere", "prigioni", "lager"],
"RELATIVE_LOCATION": ["nord", "est", "sopra", "sotto", "destra", "sinistra", "alto", "basso"],
"TIME": ["domenica", "settimana", "tempo", "sera", "gennaio", "indomani", "momento", "anni", "imbrunire", "dicembre", "mese", "mattina", "giorni", "mattino", "mezzogiorno", "periodo", "giorno", "marzo", "pomeriggio", "mesi", "mattinata", "ore", "notte", "alba"]
}
