1,,,,,,,,,,,,
2,Abbadia Alpina,Abbadia,,,,,,,,,,
3,Abrau,,,,,,,,,,,
4,Acceglio,,,,,,,,,,,
5,Acqui Terme,Acqui,,,,,,,,,,
6,Agliano d'Asti,Agliano,,,,,,,,,,
7,Agliasco,,,,,,,,,,,
8,Aiata,,,,,,,,,,,
9,Aiguilles,,,,,,,,,,,
10,Airali,,,,,,,,,,,
11,Airasca,,,,,,,,,,,
12,Airassa,,,,,,,,,,,
13,Aisone,,,,,,,,,,,
14,Aivè,,,,,,,,,,,
15,Alba,,,,,,,,,,,
16,Albania,,,,,,,,,,,
17,Albaretto Macra,Albareto Macra,Albaretto,,,,,,,,,
18,Albenga,,,,,,,,,,,
19,Albese,,,,,,,,,,,
20,Albugnano,,,,,,,,,,,
21,Alessandria,,,,,,,,,,,
22,Alessandrino,,,,,,,,,,,
23,Algeri,,,,,,,,,,,
24,Alma,Alma di Macra,,,,,,,,,,
25,Alma di Frabosa,Alma,,,,,,,,,,
26,Almellina,Vallone dell'Almellina,vallone dell'Almellina,Vallone Almellina,,,,,,,,
27,Almese,,,,,,,,,,,
28,Alpe Salutare,,,,,,,,,,,
29,Alpe dei Poveri,,,,,,,,,,,
30,Alpi Apuane,Apuane,,,,,,,,,,
31,Alpi Cozie,Cozie,,,,,,,,,,
32,Altare,,,,,,,,,,,
33,Altavilla,,,,,,,,,,,
34,Altessano,,,,,,,,,,,
35,Alto Adige,,,,,,,,,,,
36,America dei Boschi,,,,,,,,,,,
37,Andericiard,,,,,,,,,,,
38,Andonno,,,,,,,,,,,
39,Angrogna,,,,,,,,,,,
40,Annunziata di Moasca,,,,,,,,,,,
41,Annunziata di Villanova Mondovì,,,,,,,,,,,
42,Antibes,,,,,,,,,,,
43,Anzio,,,,,,,,,,,
44,Aradolo,,,,,,,,,,,
45,Aramola,,,,,,,,,,,
46,Arbré,,,,,,,,,,,
47,Arguello,,,,,,,,,,,
48,Arnaud di Rodoretto,frazione Arnaud,Arnaud,,,,,,,,,
49,Arnodera,,,,,,,,,,,
50,Arona,,,,,,,,,,,
51,Arotte,,,,,,,,,,,
52,Arvieux,,,,,,,,,,,
53,Assarti,,,,,,,,,,,
54,Asti,,,,,,,,,,,
55,Astigiano,,,,,,,,,,,
56,Atene,,,,,,,,,,,
57,Auron,,,,,,,,,,,
58,Aution,L'Aution,Authon,Pointe des Trois Communes,forte Ution,P.te des Trois Communes,,,,,,
59,Avigliana,,,,,,,,,,,
60,Bagnau,,,,,,,,,,,
61,Bagni di Vinadio,Bagni,,,,,,,,,,
62,Bagnolini,,,,,,,,,,,
63,Bagnolo,Bagnolo Piemonte,,,,,,,,,,
64,Balangero,,,,,,,,,,,
65,Balcani,,,,,,,,,,,
66,Balconi Marta,,,,,,,,,,,
67,Baldissero Torinese,Baldissero,,,,,,,,,,
68,Baldissero d'Alba,Baldissero,,,,,,,,,,
69,Baldracco,,,,,,,,,,,
70,Balma,,,,,,,,,,,
71,Balmafol,,,,,,,,,,,
72,Balsiglia,Balziglia,,,,,,,,,,
73,Banchetta,,,,,,,,,,,
74,Bandia,,,,,,,,,,,
75,Bandito,,,,,,,,,,,
76,Baracche di Ciastiglione,Baracche di Castiglione,Baracche,,,,,,,,,
77,Baracchetta di Perabruna,,,,,,,,,,,
78,Baracco,,,,,,,,,,,
79,Baraccone,,,,,,,,,,,
80,Barbacana,,,,,,,,,,,
81,Barbaresco,,,,,,,,,,,
82,Barcelonette,Barcellonette,Barcelonnette,,,,,,,,,
83,Bardonecchia,,,,,,,,,,,
84,Barge,,,,,,,,,,,
85,Bari,,,,,,,,,,,
86,Barolo,,,,,,,,,,,
87,Baroni,,,,,,,,,,,
88,Barricate,,,,,,,,,,,
89,Baselga di Piné,,,,,,,,,,,
90,Bassano,Bassano del Grappa,,,,,,,,,,
91,Bassi,,,,,,,,,,,
92,Basso Monferrato,,,,,,,,,,,
93,Bastia Mondovì,Bastia,,,,,,,,,,
94,Battifollo,,,,,,,,,,,
95,Baut,,,,,,,,,,,
96,Beaulard,,,,,,,,,,,
97,Bec Dauphin,,,,,,,,,,,
98,Becas di Mezzodì,Becas di Mezzodí,,,,,,,,,,
99,Becco dell'Aquila,,,,,,,,,,,
100,Beguda,,,,,,,,,,,
101,Beinette,,,,,,,,,,,
102,Belvedere Langhe,Belvedere,,,,,,,,,,
103,Belvédère,Belvedere,,,,,,,,,,
104,Bene Vagienna,Benevagienna,,,,,,,,,,
105,Benevello,,,,,,,,,,,
106,Bergamino,,,,,,,,,,,
107,Bergerie Giulian,bergerie Giulian,,,,,,,,,,
108,Bergerie del Lauson,,,,,,,,,,,
109,Bergerie di Valloncrò,,,,,,,,,,,
110,Bergolo,,,,,,,,,,,
111,Bernezzo,,,,,,,,,,,
112,Bersezio,,,,,,,,,,,
113,Bertini,,,,,,,,,,,
114,Bertona di Bagnolo,Bertona,,,,,,,,,,
115,Biancone,,,,,,,,,,,
116,Bibiana,Bibbiana,,,,,,,,,,
117,Biellese,,,,,,,,,,,
118,Bisalta,,,,,,,,,,,
119,Bistagno,,,,,,,,,,,
120,Bittegli,,,,,,,,,,,
121,Bivio Nuovo di Cumiana,,,,,,,,,,,
122,Bobbio Pellice,,,,,,,,,,,
123,Bocche di Cattaro,,,,,,,,,,,
124,Bocchino dell'Aseo,,,,,,,,,,,
125,Bogliasco,,,,,,,,,,,
126,Boglietto,,,,,,,,,,,
127,Bologna,,,,,,,,,,,
128,Bolzano,,,,,,,,,,,
129,Bonadè,,,,,,,,,,,
130,Bonvicino,,,,,,,,,,,
131,Bordello,,,,,,,,,,,
132,Borello,,,,,,,,,,,
133,Borgaro Canavese,Borgaro,,,,,,,,,,
134,Borgata Falconi,borgata Falconi,Falconi,,,,,,,,,
135,Borgata Saretto,borgata Saretto,frazione Saretto,Saretto,,,,,,,,
136,Borgo Gesso,,,,,,,,,,,
137,Borgo S. Bernardo,,,,,,,,,,,
138,Borgo S. Giuseppe,Borgo San Giuseppe,,,,,,,,,,
139,Borgo Salsasio,,,,,,,,,,,
140,Borgo San Dalmazzo,Borgo,Borgo S. Dalmazzo,,,,,,,,,
141,Borgo San Paolo,,,,,,,,,,,
142,Borgo Vercelli,,,,,,,,,,,
143,Borgomale,,,,,,,,,,,
144,Borgonatto,,,,,,,,,,,
145,Borgone di Susa,Borgone,,,,,,,,,,
146,Bormida di Millesimo,,,,,,,,,,,
147,Bosco dei Faggi,,,,,,,,,,,
148,Bosi,,,,,,,,,,,
149,Bosia,,,,,,,,,,,
150,Bossea,,,,,,,,,,,
151,Bossolaschetto,,,,,,,,,,,
152,Bossolasco,,,,,,,,,,,
153,Bottonasco,,,,,,,,,,,
154,Bousson,,,,,,,,,,,
155,Boves,,,,,,,,,,,
156,Bovile,,,,,,,,,,,
157,Bra,,,,,,,,,,,
158,Bragioli,,,,,,,,,,,
159,Braida,,,,,,,,,,,
160,Braidese,,,,,,,,,,,
161,Brancato,,,,,,,,,,,
162,Brandizzo,,,,,,,,,,,
163,Brandonegna,,,,,,,,,,,
164,Breglio,Breil,Breil sur Roya,,,,,,,,,
165,Brennero,,,,,,,,,,,
166,Breo,,,,,,,,,,,
167,Breolungi,,,,,,,,,,,
168,Briaglia,,,,,,,,,,,
169,Briançon,,,,,,,,,,,
170,Bric Beltramone,,,,,,,,,,,
171,Bric Berico,,,,,,,,,,,
172,Bric Bissarello,bric Bissarello,,,,,,,,,,
173,Bric Castelletto,,,,,,,,,,,
174,Bric Cisterna,,,,,,,,,,,
175,Bric Faisà,Bric Faisò,,,,,,,,,,
176,Bric Ghinivet,,,,,,,,,,,
177,Bric Mindino,bric Mindino,Mindino,,,,,,,,,
178,Bric Moriondo,bric Moriondo,,,,,,,,,,
179,Bric Rabbion,,,,,,,,,,,
180,Bric d'Adent,bric d'Adent,,,,,,,,,,
181,Bric del Mulino a Vento,,,,,,,,,,,
182,Bric della Croce,,,,,,,,,,,
183,Bric delle Scaie,,,,,,,,,,,
184,Bric delle Scialle,,,,,,,,,,,
185,Bric di Avene,Bric d'Avene,,,,,,,,,,
186,Bricco di Neive,,,,,,,,,,,
187,Briga,Brigue,La Brigue,Briga Marittima,,,,,,,,
188,Brignola,,,,,,,,,,,
189,Broglio,,,,,,,,,,,
190,Brossasco,,,,,,,,,,,
191,Brovida,,,,,,,,,,,
192,Bruino,,,,,,,,,,,
193,Bruni,frazione Bruni,,,,,,,,,,
194,Brunico,,,,,,,,,,,
195,Bubbio,,,,,,,,,,,
196,Buchenwald,,,,,,,,,,,
197,Busalla,,,,,,,,,,,
198,Busca,,,,,,,,,,,
199,Bussoleno,,,,,,,,,,,
200,Buttigliera,,,,,,,,,,,
201,Cairo Montenotte,,,,,,,,,,,
202,Cairo San Giuseppe,,,,,,,,,,,
203,Calamandrana Alta,,,,,,,,,,,
204,Calamandrana Bassa,,,,,,,,,,,
205,Calanché,Calanchè,,,,,,,,,,
206,Calcinere,,,,,,,,,,,
207,Callieri,,,,,,,,,,,
208,Calosso,,,,,,,,,,,
209,Calupo,,,,,,,,,,,
210,Caluso,,,,,,,,,,,
211,Camerana,,,,,,,,,,,
212,Camerana Contrada,,,,,,,,,,,
213,Camerana Villa,,,,,,,,,,,
214,Camo,,,,,,,,,,,
215,Camoussé,Camoussè,,,,,,,,,,
216,Campetto,,,,,,,,,,,
217,Campo Molino,Campomolino,Campomulino,,,,,,,,,
218,Campo del Carro,,,,,,,,,,,
219,Canale d'Alba,Canale,,,,,,,,,,
220,Canale di Frabosa Sottana,,,,,,,,,,,
221,Canalot,,,,,,,,,,,
222,Canavese,,,,,,,,,,,
223,Candiolo,,,,,,,,,,,
224,Canelli,,,,,,,,,,,
225,Canezza,,,,,,,,,,,
226,Cantalupa,,,,,,,,,,,
227,Capanna Giulia,capanna Giulia,,,,,,,,,,
228,Cappella Balma,,,,,,,,,,,
229,Cappella del Bosco,,,,,,,,,,,
230,Cappella di Bourcet,,,,,,,,,,,
231,Cappello d'Envie,Cappello,,,,,,,,,,
232,Caraglio,,,,,,,,,,,
233,Caramagna Piemonte,Caramagna,,,,,,,,,,
234,Carbonera,,,,,,,,,,,
235,Carcare,,,,,,,,,,,
236,Carceri Nuove di Torino,Carceri Nuove,carceri Nuove,«Nuove»,,,,,,,,
237,Cardini,,,,,,,,,,,
238,Carignano,,,,,,,,,,,
239,Carmagnola,,,,,,,,,,,
240,Carnino alta,Carnino superiore,Carnino,,,,,,,,,
241,Carnino bassa,Carnino inferiore,,,,,,,,,,
242,Carrara,,,,,,,,,,,
243,Carrù,,,,,,,,,,,
244,Cars,,,,,,,,,,,
245,Cartignano,,,,,,,,,,,
246,Casale Monferrato,Casale,,,,,,,,,,
247,Casanova,,,,,,,,,,,
248,Cascade,,,,,,,,,,,
249,Cascina del Ruviun,cascina del Ruviun,,,,,,,,,,
250,Cascine Vecchie,,,,,,,,,,,
251,Caselle Torinese,Caselle,,,,,,,,,,
252,Casera Vecchia,Caseravecchia,,,,,,,,,,
253,Cassinasco,,,,,,,,,,,
254,Castagna Alta,,,,,,,,,,,
255,Castagnole Lanze,Castagnole,Castagnole delle Lanze,,,,,,,,,
256,Castel Giolitti,,,,,,,,,,,
257,Castel del Bosco,,,,,,,,,,,
258,Casteldelfino,,,,,,,,,,,
259,Castelgherlone,,,,,,,,,,,
260,Castellar di Boves,Castellar,,,,,,,,,,
261,Castellaro,,,,,,,,,,,
262,Castelletto Uzzone,,,,,,,,,,,
263,Castellino Tanaro,Castellino,,,,,,,,,,
264,Castello della Balziglia,,,,,,,,,,,
265,Castello di Annone,Castel d'Annone,Castello d'Annone,,,,,,,,,
266,Castelmagno,,,,,,,,,,,
267,Castelnuovo Belbo,,,,,,,,,,,
268,Castelnuovo Don Bosco,Castelnuovo,,,,,,,,,,
269,Castiglione Tinella,Castiglione,,,,,,,,,,
270,Castino,,,,,,,,,,,
271,Cavaletto Soprano,,,,,,,,,,,
272,Cavaliggi,,,,,,,,,,,
273,Cavallermaggiore,,,,,,,,,,,
274,Cavour,,,,,,,,,,,
275,Cecchina di Albano,Cecchina,,,,,,,,,,
276,Cellarengo,,,,,,,,,,,
277,Celle Macra,Celle di Macra,Celle,,,,,,,,,
278,Celle di Bellino,,,,,,,,,,,
279,Cengio,,,,,,,,,,,
280,Centallo,,,,,,,,,,,
281,Ceresole Alba,Ceresole d'Alba,Ceresole,,,,,,,,,
282,Ceretto,,,,,,,,,,,
283,Cerreto Langhe,Cerreto,,,,,,,,,,
284,Certosa di Pesio,Certosa,Certosa di Chiusa Pesio,,,,,,,,,
285,Cervasca,,,,,,,,,,,
286,Cesana Torinese,Cesana,,,,,,,,,,
287,Cessole,,,,,,,,,,,
288,Ceva,,,,,,,,,,,
289,Chaberton,,,,,,,,,,,
290,Chambons,,,,,,,,,,,
291,Champlas Seguin,,,,,,,,,,,
292,Champlas du Col,,,,,,,,,,,
293,Chasteiran,,,,,,,,,,,
294,Cherasca,,,,,,,,,,,
295,Cherasco,,,,,,,,,,,
296,Chesta,,,,,,,,,,,
297,Chialme,,,,,,,,,,,
298,Chianocco,,,,,,,,,,,
299,Chiappi,Chiappi di Castelmagno,,,,,,,,,,
300,Chiaudieres,,,,,,,,,,,
301,Chiavari,,,,,,,,,,,
302,Chieri,,,,,,,,,,,
303,Chiomonte,,,,,,,,,,,
304,Chiot Rosa,Chiot rosa,chiot Rosa,Chiotti Rosa,,,,,,,,
305,Chiotti,,,,,,,,,,,
306,Chiotti Valloria,,,,,,,,,,,
307,Chiusa di Pesio,Chiusa Pesio,Chiusa,,,,,,,,,
308,Chivasso,,,,,,,,,,,
309,Châlet des Acles,Châlets des Acles,Chalet des Acles,Chalets des Acles,,,,,,,,
310,Château,Chateau,,,,,,,,,,
311,Ciampino,,,,,,,,,,,
312,Ciapada,,,,,,,,,,,
313,Ciapeia,,,,,,,,,,,
314,Cigliè,,,,,,,,,,,
315,Cigliè,Ciglié,,,,,,,,,,
316,Cima Cars,Cars,cima Cars,,,,,,,,,
317,Cima Durand,cima Durand,,,,,,,,,,
318,Cima Fornelli,cima Fornelli,,,,,,,,,,
319,Cima Marta,cima Marta,,,,,,,,,,
320,Cima Marzolere,cima Marzolere,,,,,,,,,,
321,Cima Roudel,cima Roudel,,,,,,,,,,
322,Cima dell'Inferno,cima dell'Inferno,,,,,,,,,,
323,Cima della Valletta,Cima delle Vallette,Valletta,,,,,,,,,
324,Cima di Ciantiplagna,,,,,,,,,,,
325,Cinzano,,,,,,,,,,,
326,Ciomp,,,,,,,,,,,
327,Cipressa,,,,,,,,,,,
328,Ciriè,,,,,,,,,,,
329,Cisterna d'Asti,Cisterna,,,,,,,,,,
330,Clavesana,,,,,,,,,,,
331,Clea,,,,,,,,,,,
332,Clot della Soma,,,,,,,,,,,
333,Clot delle Pertiche,,,,,,,,,,,
334,Clé des Acles,,,,,,,,,,,
335,Coazze,,,,,,,,,,,
336,Coazzolo,,,,,,,,,,,
337,Cocconato,,,,,,,,,,,
338,Col Basset,col Basset,colle Basset,,,,,,,,,
339,Col Blégier,col Blégier,,,,,,,,,,
340,Col Boucier,col Boucier,,,,,,,,,,
341,Col Content,col Content,,,,,,,,,,
342,Col Giulian,col Giulian,,,,,,,,,,
343,Col d'Exilles,col d'Exilles,,,,,,,,,,
344,Col d'Izoard,col d'Izoard,Izoard,,,,,,,,,
345,Col de Turini,col de Turini,Turinì,Turini,,,,,,,,
346,Col de Vars,col de Vars,,,,,,,,,,
347,Col de l'Autaret,colle dell'Autaret,Autaret,,,,,,,,,
348,Col della Gianna,col della Gianna,,,,,,,,,,
349,Col des Acles,col des Acles,,,,,,,,,,
350,Col des Aiguilles,col des Aiguilles,,,,,,,,,,
351,Col di Mosso,Coldimosso,,,,,,,,,,
352,Col du Lautaret,Colle del Lautaret,Lautaret,,,,,,,,,
353,Colla Bassa,,,,,,,,,,,
354,Colla Bausana,,,,,,,,,,,
355,Colla di Casotto,,,,,,,,,,,
356,Colla di Isasca,,,,,,,,,,,
357,Colle Angelino,,,,,,,,,,,
358,Colle Basseit,colle Basseit,Col Basseit,,,,,,,,,
359,Colle Bione,colle Bione,,,,,,,,,,
360,Colle Birrone,colle Birrone,,,,,,,,,,
361,Colle Boaria,colle Boaria,,,,,,,,,,
362,Colle Bourget,Col Bourget,,,,,,,,,,
363,Colle Clapier,colle Clapier,Clapier,,,,,,,,,
364,Colle Fous,colle Fous,Pas de la Fous,,,,,,,,,
365,Colle Maurin,Col Maurin,colle Maurin,col Maurin,Colle del Maurin,colle del Maurin,,,,,,
366,Colle Mayt,colle Mayt,Mayt,,,,,,,,,
367,Colle Mercera,colle Mercera,,,,,,,,,,
368,Colle Mulo,Colle del Mulo,colle del Mulo,,,,,,,,,
369,Colle Pagneris,colle Pagneris,,,,,,,,,,
370,Colle S. Lorenzo,colle S. Lorenzo,,,,,,,,,,
371,Colle Sabbione,colle Sabbione,Colle del Sabbione,colle del Sabbione,Sabbione,,,,,,,
372,Colle Saleses,colle Saleses,,,,,,,,,,
373,Colle Sautron,Sautron,colle Sautron,Colle del Sautron,colle del Sautron,Col Soutron,colle del Soutron,Colle Soutron,colle Soutron,Soutron,,
374,Colle Sibolet,colle Sibolet,Sibolet,,,,,,,,,
375,Colle d'Armoine,colle d'Armoine,,,,,,,,,,
376,Colle de Grange Commune,,,,,,,,,,,
377,Colle dei Due Denti,,,,,,,,,,,
378,Colle dei Signori,colle dei Signori,,,,,,,,,,
379,Colle del Beth,colle del Beth,Beth,,,,,,,,,
380,Colle del Bruis,Colle del Brouis,,,,,,,,,,
381,Colle del Carset,colle del Carset,,,,,,,,,,
382,Colle del Ferro,,,,,,,,,,,
383,Colle del Laus,colle del Laus,Col del Laus,col del Laus,,,,,,,,
384,Colle del Lauson,colle del Lauson,,,,,,,,,,
385,Colle del Pas,colle del Pas,,,,,,,,,,
386,Colle del Piccolo Moncenisio,Piccolo Moncenisio,,,,,,,,,,
387,Colle del Pis,colle del Pis,,,,,,,,,,
388,Colle del Preit,colle del Preit,,,,,,,,,,
389,Colle del Prel,colle del Prel,Prel,,,,,,,,,
390,Colle del Puriac,colle del Puriac,,,,,,,,,,
391,Colle dell'Agnello,colle dell'Agnello,,,,,,,,,,
392,Colle dell'Albergian,colle dell'Albergian,,,,,,,,,,
393,Colle dell'Arcano,colle dell'Arcano,Arcano,,,,,,,,,
394,Colle dell'Assietta,colle dell'Assietta,,,,,,,,,,
395,Colle dell'Inferno,colle dell'Inferno,,,,,,,,,,
396,Colle dell'Orso,colle dell'Orso,,,,,,,,,,
397,Colle dell'Ortica,colle dell'Ortica,,,,,,,,,,
398,Colle dell'Ortiga,colle dell'Ortiga,Colle Ortiga,colle Ortiga,,,,,,,,
399,Colle della Balma,colle della Balma,,,,,,,,,,
400,Colle della Bicocca,colle della Bicocca,,,,,,,,,,
401,Colle della Ciabra,colle della Ciabra,,,,,,,,,,
402,Colle della Croce,colle della Croce,,,,,,,,,,
403,Colle della Gianna,colle della Gianna,,,,,,,,,,
404,Colle della Lombarda,colle della Lombarda,,,,,,,,,,
405,Colle della Maddalena,colle della Maddalena,,,,,,,,,,
406,Colle della Navonera,colle della Navonera,,,,,,,,,,
407,Colle della Rossa,colle della Rossa,,,,,,,,,,
408,Colle della Rubina,colle della Rubina,Colle Rubina,colle Rubina,,,,,,,,
409,Colle della Sea,Sea,,,,,,,,,,
410,Colle delle Coppe,,,,,,,,,,,
411,Colle delle Finestre,colle delle Finestre,,,,,,,,,,
412,Colle delle Munie,colle delle Munie,,,,,,,,,,
413,Colle delle Traversette,colle delle Traversette,Traversette,,,,,,,,,
414,Colle di Abries,colle di Abries,col d'Abriès,Col d'Abriès,,,,,,,,
415,Colle di Bandia,colle di Bandia,Colle della Bandia,colle della Bandia,Bandia,,,,,,,
416,Colle di Braus,colle di Braus,,,,,,,,,,
417,Colle di Costa Piana,colle di Costa Piana,Colle di Costapiana,Colle di Costaplana,colle di Costapiana,colle di Costaplana,,,,,,
418,Colle di Nava,Col di Nava,col di Nava,colli di Nava,colle di Nava,Colli di Nava,,,,,,
419,Colle di Pagarì,colle di Pagarì,Colle Pagarí,colle Pagarí,,,,,,,,
420,Colle di Rodoretto,colle di Rodoretto,,,,,,,,,,
421,Colle di San Veran,colle di San Veran,Col de Saint-Veran,Colle di Saint-Veran,Colle di Saint-Véran,colle di Saint-Véran,colle di Saint-Veran,Colle di Saint Véran,,,,
422,Colle di Sestrières,colle di Sestrières,,,,,,,,,,
423,Colle di Tenda,colle di Tenda,col di Tenda,Col di Tenda,Passo di Tenda,,,,,,,
424,Colle di Tesina,colle di Tesina,Col Tesina,col Tesina,,,,,,,,
425,Colle di Thuras,colle di Thuras,colle Thuras,Colle Thuras,,,,,,,,
426,Colle di Viozene,colle di Viozene,,,,,,,,,,
427,Collegno,,,,,,,,,,,
428,Colletta Faure,colletta Faure,,,,,,,,,,
429,Colletta di Paesana,colletta di Paesana,,,,,,,,,,
430,Colletta di Rossana,Colla di Rossana,colletta di Rossana,colla di Rossana,,,,,,,,
431,Colletto del Vallone,colletto del Vallone,,,,,,,,,,
432,Colletto della Margherita,colletto della Margherita,,,,,,,,,,
433,Colletto di Rittana,colletto di Rittana,,,,,,,,,,
434,Colli di Moiola,,,,,,,,,,,
435,Coltano,,,,,,,,,,,
436,Comba Scura,,,,,,,,,,,
437,Comba dei Carboneri,,,,,,,,,,,
438,Comba del Tourn,,,,,,,,,,,
439,Combamala,,,,,,,,,,,
440,Combe di Chiusa Pesio,,,,,,,,,,,
441,Combetta,,,,,,,,,,,
442,Conca di Frossasco,conca di Frossasco,,,,,,,,,,
443,Condove,,,,,,,,,,,
444,Confreria,,,,,,,,,,,
445,Consovero,,,,,,,,,,,
446,Conversano,,,,,,,,,,,
447,Coreria,,,,,,,,,,,
448,Cornaletto,,,,,,,,,,,
449,Cornaletto Soprano,,,,,,,,,,,
450,Corneliano d'Alba,Corneliano,,,,,,,,,,
451,Corno,,,,,,,,,,,
452,Correria,,,,,,,,,,,
453,Corsaglia,,,,,,,,,,,
454,Corsagliola,,,,,,,,,,,
455,Corsica,,,,,,,,,,,
456,Cortemilia,,,,,,,,,,,
457,Cossano Belbo,Cossano,,,,,,,,,,
458,Costa Azzurra,,,,,,,,,,,
459,Costa Grande,,,,,,,,,,,
460,Costa Rossa,,,,,,,,,,,
461,Costalonga,,,,,,,,,,,
462,Costalunga,,,,,,,,,,,
463,Costangaresca,,,,,,,,,,,
464,Costapiana,Costaplana,,,,,,,,,,
465,Costiera,,,,,,,,,,,
466,Costigliole d'Asti,Costigliole,,,,,,,,,,
467,Costigliole di Saluzzo,Costigliole,,,,,,,,,,
468,Crava,,,,,,,,,,,
469,Cravanzana,,,,,,,,,,,
470,Cresta dei Quattro Denti,cresta dei Quattro Denti,,,,,,,,,,
471,Creta,,,,,,,,,,,
472,Crevirola,,,,,,,,,,,
473,Crissolo,,,,,,,,,,,
474,Cristinera,,,,,,,,,,,
475,Croce Romana,,,,,,,,,,,
476,Crocera di Barge,Crociera di Barge,,,,,,,,,,
477,Crousenna,Crosenna,,,,,,,,,,
478,Cumiana,,,,,,,,,,,
479,Cuneese,,,,,,,,,,,
480,Cuneo,,,,,,,,,,,
481,Cunoni,,,,,,,,,,,
482,Cussa,,,,,,,,,,,
483,Cussanio,,,,,,,,,,,
484,Dachau,,,,,,,,,,,
485,Dairin,Deirin,,,,,,,,,,
486,Dego,,,,,,,,,,,
487,Demonte,,,,,,,,,,,
488,Deversi,,,,,,,,,,,
489,Dho,,,,,,,,,,,
490,Dignano d'Istria,Dignano,,,,,,,,,,
491,Digne,,,,,,,,,,,
492,Dogliani,,,,,,,,,,,
493,Dolceacqua,,,,,,,,,,,
494,Domodossola,,,,,,,,,,,
495,Dora,,,,,,,,,,,
496,Dornere di Camo,Dornere,,,,,,,,,,
497,Drit,,,,,,,,,,,
498,Dronero,,,,,,,,,,,
499,Druento,,,,,,,,,,,
500,Druge,,,,,,,,,,,
501,Dubrovnik,,,,,,,,,,,
502,Durnere,,,,,,,,,,,
503,Dépot,Depot,,,,,,,,,,
504,Elva,,,,,,,,,,,
505,Embrun,,,,,,,,,,,
506,Entracque,,,,,,,,,,,
507,Envie,,,,,,,,,,,
508,Europa,,,,,,,,,,,
509,Exilles,,,,,,,,,,,
510,Faiola,,,,,,,,,,,
511,Falasina,,,,,,,,,,,
512,Falchetto,,,,,,,,,,,
513,Falicetto,,,,,,,,,,,
514,Famolasco,,,,,,,,,,,
515,Fanghetto,,,,,,,,,,,
516,Farigliano,,,,,,,,,,,
517,Faudadritto,,,,,,,,,,,
518,Faule,,,,,,,,,,,
519,Fedio di Demonte,Fedio,,,,,,,,,,
520,Fenestrelle,,,,,,,,,,,
521,Ferrière,Ferriere,,,,,,,,,,
522,Festiona,,,,,,,,,,,
523,Fiolera,,,,,,,,,,,
524,Firenze,,,,,,,,,,,
525,Fiume,,,,,,,,,,,
526,Flavières,Flavieres,,,,,,,,,,
527,Fogliano Redipuglia,,,,,,,,,,,
528,Folchi,,,,,,,,,,,
529,Fontan,,,,,,,,,,,
530,Fontana dell'Orso,,,,,,,,,,,
531,Fontane,,,,,,,,,,,
532,Fontanelle di Boves,Fontanelle,,,,,,,,,,
533,Formaggio,,,,,,,,,,,
534,Formia,,,,,,,,,,,
535,Fornello,,,,,,,,,,,
536,Forno Canavese,Forno,,,,,,,,,,
537,Forno di Coazze,,,,,,,,,,,
538,Fort Robot,,,,,,,,,,,
539,Forte Bellino,,,,,,,,,,,
540,Forte Gova,,,,,,,,,,,
541,Forte di Fenestrelle,,,,,,,,,,,
542,Forte di Mont Dauphin,,,,,,,,,,,
543,Forte di Vinadio,forte di Vinadio,,,,,,,,,,
544,Forti di Nava,forti di Nava,,,,,,,,,,
545,Fossano,,,,,,,,,,,
546,Frabosa Soprana,Frabosa,,,,,,,,,,
547,Frabosa Sottana,,,,,,,,,,,
548,Fracchie,,,,,,,,,,,
549,Frais,,,,,,,,,,,
550,Francia,France,,,,,,,,,,
551,Frappier,,,,,,,,,,,
552,Frassanea,,,,,,,,,,,
553,Frassino,,,,,,,,,,,
554,Frazione Maghini,frazione Maghini,Maghini,,,,,,,,,
555,Frazione Mindino,frazione Mindino,,,,,,,,,,
556,Frazione Perosa,frazione Perosa,,,,,,,,,,
557,Frezet,,,,,,,,,,,
558,Friosa,case Friosa,,,,,,,,,,
559,Frise,,,,,,,,,,,
560,Frossasco,,,,,,,,,,,
561,Fuggin,,,,,,,,,,,
562,Gabiola,Gabbiola,,,,,,,,,,
563,Gabrielassi,,,,,,,,,,,
564,Gabutti,,,,,,,,,,,
565,Gaietto,,,,,,,,,,,
566,Gaiola,,,,,,,,,,,
567,Galiverga,,,,,,,,,,,
568,Gallareto,,,,,,,,,,,
569,Gallo d'Alba,,,,,,,,,,,
570,Gallo dei Mo,,,,,,,,,,,
571,Gambarello,,,,,,,,,,,
572,Gambasca,,,,,,,,,,,
573,Gambera,,,,,,,,,,,
574,Gardiola,,,,,,,,,,,
575,Garessio,,,,,,,,,,,
576,Gassino Torinese,Gassino,,,,,,,,,,
577,Gataudia,,,,,,,,,,,
578,Gattières,Gattieres,,,,,,,,,,
579,Gavi,,,,,,,,,,,
580,Gelas,,,,,,,,,,,
581,Genola,,,,,,,,,,,
582,Genova,,,,,,,,,,,
583,Genova Albaro,,,,,,,,,,,
584,Germania,,,,,,,,,,,
585,Ghigliani,,,,,,,,,,,
586,Ghigo,,,,,,,,,,,
587,Ghininvert,,,,,,,,,,,
588,Giaconera,,,,,,,,,,,
589,Giandola,,,,,,,,,,,
590,Gias Canavere Soprano,Gias Canavere,Canavere,,,,,,,,,
591,Gias Culumb,Gias Columb,Gias Colomb,,,,,,,,,
592,Gias Fontane,,,,,,,,,,,
593,Gias Madonna,,,,,,,,,,,
594,Gias Sestrera Soprano,Sestrera soprano,Gias Soprano di Sestrera,Sestrera,,,,,,,,
595,Gias Sestrera Sottano,Sestrera Sottano,Gias Sestrera sottano,Sestrera,,,,,,,,
596,Gias Vaccarile,Vaccarile,,,,,,,,,,
597,Gias degli Arpi,Gias Arpi,,,,,,,,,,
598,Gias dell'Ortica,,,,,,,,,,,
599,Gias della Costa,,,,,,,,,,,
600,Gias della Garbella,,,,,,,,,,,
601,Giaset,,,,,,,,,,,
602,Giasset,,,,,,,,,,,
603,Giaveno,,,,,,,,,,,
604,Giglio di Demonte,,,,,,,,,,,
605,Gillo,,,,,,,,,,,
606,Giraone,,,,,,,,,,,
607,Goletta,,,,,,,,,,,
608,Golvet,,,,,,,,,,,
609,Gorrè di Rittana,Gorrè,,,,,,,,,,
610,Gorré,,,,,,,,,,,
611,Gorzegno,,,,,,,,,,,
612,Gosi di Villanova,Gosi,,,,,,,,,,
613,Gottasecca,,,,,,,,,,,
614,Grain,,,,,,,,,,,
615,Gran Bretagna,Regno Unito,Inghilterra,,,,,,,,,
616,Gran Colle,,,,,,,,,,,
617,Gran Dubbione,,,,,,,,,,,
618,Gran Faetto,,,,,,,,,,,
619,Gran Miol,,,,,,,,,,,
620,Gran Prà,,,,,,,,,,,
621,Gran Queiron,Gran Queyron,,,,,,,,,,
622,Gran Serin,,,,,,,,,,,
623,Grange Cittadella,,,,,,,,,,,
624,Grange Murin,grange Murin,,,,,,,,,,
625,Grange Poca,,,,,,,,,,,
626,Grange Sevine,,,,,,,,,,,
627,Grange del Balmerotto,grange del Balmerotto,Balmerotto,,,,,,,,,
628,Grange del Seuil,,,,,,,,,,,
629,Grange di Droneretto,Droneretto,,,,,,,,,,
630,Grange di Nunziera,Nunziera,Nunsiera,,,,,,,,,
631,Grange di Piansonè,grange di Piansonè,,,,,,,,,,
632,Grange di Pragelato,Granges di Pragelato,,,,,,,,,,
633,Grange di Rubbio,Grange di Rubio,Rubio,,,,,,,,,
634,Grangie di Narbona,Grange di Narbona,Narbona,,,,,,,,,
635,Gravere,,,,,,,,,,,
636,Gravio,fiume Gravio,torrente Gravio,,,,,,,,,
637,Grecia,,,,,,,,,,,
638,Grenoble,,,,,,,,,,,
639,Grivola,,,,,,,,,,,
640,Grugliasco,,,,,,,,,,,
641,Guillestre,Guillèstre,,,,,,,,,,
642,Igliano,,,,,,,,,,,
643,Ilouse,Ilonse,Ilonsa,,,,,,,,,
644,Imola,,,,,,,,,,,
645,Incisa Scapaccino,,,,,,,,,,,
646,Innsbruck,,,,,,,,,,,
647,Inverso Pinasca,,,,,,,,,,,
648,Inverso di Villar Perosa,Inverso Perosa,,,,,,,,,,
649,Isola,,,,,,,,,,,
650,Isola d'Asti,,,,,,,,,,,
651,Isola di Bene Vagienna,Isola di Benevagienna,Isola,Isola di Benevagenna,,,,,,,,
652,Isolabona,,,,,,,,,,,
653,Isorella,,,,,,,,,,,
654,Istria,,,,,,,,,,,
655,Italia,,,,,,,,,,,
656,Ivert,,,,,,,,,,,
657,Jousseaud,,,,,,,,,,,
658,Juan les Pins,Juan-les-Pins,,,,,,,,,,
659,Jugoslavia,,,,,,,,,,,
660,Kobila,,,,,,,,,,,
661,L'Echalp,,,,,,,,,,,
662,La Bollène-Vésubie,La Bollène,Bollène,Bollena,,,,,,,,
663,La Condamine,Condamine,,,,,,,,,,
664,La Montette,,,,,,,,,,,
665,La Morra,,,,,,,,,,,
666,La Rossa,,,,,,,,,,,
667,La Ruà di Pragelato,La Ruà,,,,,,,,,,
668,La Spezia,,,,,,,,,,,
669,Lagarili,,,,,,,,,,,
670,Laghi Lunghi,laghi Lunghi,,,,,,,,,,
671,Lago Biecai,lago Biecai,Biecai,,,,,,,,,
672,Lago Nero,lago Nero,,,,,,,,,,
673,Lago del Laux,lago del Laux,,,,,,,,,,
674,Lago dell'Agnello,lago dell'Agnello,,,,,,,,,,
675,Lampedusa,,,,,,,,,,,
676,Langa Soprana,,,,,,,,,,,
677,Langa Sottana,,,,,,,,,,,
678,Langhe,Langa,,,,,,,,,,
679,Lantosque,,,,,,,,,,,
680,Lanza Serra,,,,,,,,,,,
681,Larche,,,,,,,,,,,
682,Las Donnas,,,,,,,,,,,
683,Laux,,,,,,,,,,,
684,Lavai,,,,,,,,,,,
685,Lazzarà,,,,,,,,,,,
686,Le Bourguet,,,,,,,,,,,
687,Le Planet,,,,,,,,,,,
688,Le Pra,,,,,,,,,,,
689,Le Roux,,,,,,,,,,,
690,Le Vernet,,,,,,,,,,,
691,Lemma di Venasca,Lemma,,,,,,,,,,
692,Lendenières,,,,,,,,,,,
693,Lequio Berria,Lequio,,,,,,,,,,
694,Lequio Tanaro,Lequio,,,,,,,,,,
695,Lesegno,,,,,,,,,,,
696,Levaldigi,,,,,,,,,,,
697,Levata,,,,,,,,,,,
698,Levice,,,,,,,,,,,
699,Liguria,,,,,,,,,,,
700,Limone Piemonte,Limone,,,,,,,,,,
701,Limonetto,,,,,,,,,,,
702,Linosa,,,,,,,,,,,
703,Lione,Lyon,,,,,,,,,,
704,Lisio,,,,,,,,,,,
705,Livorno,,,,,,,,,,,
706,Lo Sbaranzo,Sbaranzo,,,,,,,,,,
707,Loano,,,,,,,,,,,
708,Loazzolo,,,,,,,,,,,
709,Lombardia,,,,,,,,,,,
710,Lombardore,,,,,,,,,,,
711,Lombriasco,,,,,,,,,,,
712,Lottano,,,,,,,,,,,
713,Lottulo,,,,,,,,,,,
714,Lubet,,,,,,,,,,,
715,Lunetta,,,,,,,,,,,
716,Lungaserra,,,,,,,,,,,
717,Lurisia,,,,,,,,,,,
718,Luserna San Giovanni,Luserna,Luserna S. Giovanni,,,,,,,,,
719,Lussi,,,,,,,,,,,
720,Macarass,,,,,,,,,,,
721,Macra,,,,,,,,,,,
722,Madonna d'Ardua,,,,,,,,,,,
723,Madonna dei Fiori,,,,,,,,,,,
724,Madonna del Bosco,,,,,,,,,,,
725,Madonna del Colletto,,,,,,,,,,,
726,Madonna del Faggio,,,,,,,,,,,
727,Madonna del Gallo,,,,,,,,,,,
728,Madonna del Todocco,,,,,,,,,,,
729,Madonna dell'Incoronata,,,,,,,,,,,
730,Madonna dell'Olmo,,,,,,,,,,,
731,Madonna della Neve,,,,,,,,,,,
732,Madonna della Saletta,,,,,,,,,,,
733,Madonnina di Bagnolo,,,,,,,,,,,
734,Magenta,,,,,,,,,,,
735,Magliano Alpi,Magliano,,,,,,,,,,
736,Maifrin,,,,,,,,,,,
737,Malanaggio,,,,,,,,,,,
738,Malpasso,,,,,,,,,,,
739,Manera,,,,,,,,,,,
740,Mango,,,,,,,,,,,
741,Maniglia,,,,,,,,,,,
742,Manta,,,,,,,,,,,
743,Mantova,,,,,,,,,,,
744,Mar Tirreno,Tirreno,,,,,,,,,,
745,Marassi,,,,,,,,,,,
746,Marentino,,,,,,,,,,,
747,Margarita,,,,,,,,,,,
748,Marguareis,,,,,,,,,,,
749,Maritani,,,,,,,,,,,
750,Marmora,,,,,,,,,,,
751,Marsaglia,,,,,,,,,,,
752,Marsiglia,,,,,,,,,,,
753,Marteis,,,,,,,,,,,
754,Martinet,,,,,,,,,,,
755,Martinetto di Torino,Martinetto,Poligono del Martinetto,,,,,,,,,
756,Martiniana Po,Martiniana,,,,,,,,,,
757,Masio,,,,,,,,,,,
758,Massello,,,,,,,,,,,
759,Mathi,,,,,,,,,,,
760,Mattie,,,,,,,,,,,
761,Mauthausen,Mathausen,,,,,,,,,,
762,Meana di Susa,Meana,,,,,,,,,,
763,Meane,,,,,,,,,,,
764,Meano,,,,,,,,,,,
765,Meitre,,,,,,,,,,,
766,Mellana,,,,,,,,,,,
767,Melle,,,,,,,,,,,
768,Mellea,,,,,,,,,,,
769,Mendatica,,,,,,,,,,,
770,Menolzio,,,,,,,,,,,
771,Mentone,Menton,,,,,,,,,,
772,Mentoulles,,,,,,,,,,,
773,Merana,,,,,,,,,,,
774,Merano,,,,,,,,,,,
775,Mesce,,,,,,,,,,,
776,Mezzenile,,,,,,,,,,,
777,Mian,grange Mian,,,,,,,,,,
778,Miande Ortières,,,,,,,,,,,
779,Micoletto,,,,,,,,,,,
780,Mignanego,,,,,,,,,,,
781,Milanesa,,,,,,,,,,,
782,Milano,,,,,,,,,,,
783,Milano Certosa,,,,,,,,,,,
784,Millesimo,,,,,,,,,,,
785,Miniera,,,,,,,,,,,
786,Mirauda,,,,,,,,,,,
787,Miroglio,,,,,,,,,,,
788,Moanga,,,,,,,,,,,
789,Modane,,,,,,,,,,,
790,Moiola,,,,,,,,,,,
791,Molarizza,,,,,,,,,,,
792,Molassana,,,,,,,,,,,
793,Moline di Vicoforte Mondovì,Moline,,,,,,,,,,
794,Molini,frazione Molini,,,,,,,,,,
795,Molini di Triora,Molini,,,,,,,,,,
796,Molino delle Croci,,,,,,,,,,,
797,Mollere,,,,,,,,,,,
798,Mollières,,,,,,,,,,,
799,Mombarcaro,,,,,,,,,,,
800,Mombrisone,,,,,,,,,,,
801,Mompantero,,,,,,,,,,,
802,Monaco,,,,,,,,,,,
803,Monastero Bormida,Monastero,,,,,,,,,,
804,Monastero Vasco,,,,,,,,,,,
805,Monasterolo Casotto,Monasterolo,,,,,,,,,,
806,Monasterolo di Savigliano,Monasterolo,,,,,,,,,,
807,Moncalieri,,,,,,,,,,,
808,Moncenisio,,,,,,,,,,,
809,Monchiero,,,,,,,,,,,
810,Mondarello,,,,,,,,,,,
811,Mondonio,,,,,,,,,,,
812,Mondovì,,,,,,,,,,,
813,Monesiglio,,,,,,,,,,,
814,Monferrato,,,,,,,,,,,
815,Monfieis,,,,,,,,,,,
816,Monforte d'Alba,Monforte,,,,,,,,,,
817,Monfranco,,,,,,,,,,,
818,Monginevro,,,,,,,,,,,
819,Mongirardo,,,,,,,,,,,
820,Monopoli,,,,,,,,,,,
821,Monregalese,,,,,,,,,,,
822,Monserrato,,,,,,,,,,,
823,Mont,,,,,,,,,,,
824,Mont Dauphin,mont Dauphin,,,,,,,,,,
825,Montafia,,,,,,,,,,,
826,Montaldo Roero,Montaldo,,,,,,,,,,
827,Montaldo Torinese,Montaldo,,,,,,,,,,
828,Montaldo di Mondovì,Montaldo,Montaldo Mondovì,,,,,,,,,
829,Montalto Dora,Montalto,,,,,,,,,,
830,Montanera,,,,,,,,,,,
831,Monte Albergian,Albergian,,,,,,,,,,
832,Monte Alpet,monte Alpet,Alpet,,,,,,,,,
833,Monte Antoroto,Antoroto,,,,,,,,,,
834,Monte Assietta,Assietta,,,,,,,,,,
835,Monte Banchetta,Banchetta,,,,,,,,,,
836,Monte Barifreddo,monte Barifreddo,,,,,,,,,,
837,Monte Bianco,,,,,,,,,,,
838,Monte Birrone,Birrone,,,,,,,,,,
839,Monte Blégier,,,,,,,,,,,
840,Monte Bocciarda,,,,,,,,,,,
841,Monte Bracco,monte Bracco,Bracco,,,,,,,,,
842,Monte Bram,monte Bram,Bram,,,,,,,,,
843,Monte Bruseis,Bruseis,,,,,,,,,,
844,Monte Calvario,monte Calvario,,,,,,,,,,
845,Monte Carlo,Montecarlo,,,,,,,,,,
846,Monte Cauri,monte Cauri,Cauri,,,,,,,,,
847,Monte Cormetto,Cormetto,,,,,,,,,,
848,Monte Cornour,monte Cornour,Cornour,,,,,,,,,
849,Monte Flaut,monte Flaut,Flaut,,,,,,,,,
850,Monte Fraitève,monte Fraitève,Fraitève,,,,,,,,,
851,Monte Friuland,monte Friuland,Friuland,,,,,,,,,
852,Monte Grammondo,Grammondo,monte Grammondo,,,,,,,,,
853,Monte Gran Costa,Gran Costa,,,,,,,,,,
854,Monte Grande,,,,,,,,,,,
855,Monte Granero,monte Granero,Granero,,,,,,,,,
856,Monte Grosso,monte Grosso,,,,,,,,,,
857,Monte Génevris,monte Génevris,Monte Genevris,monte Genevris,Génevris,Genevris,,,,,,
858,Monte Malanotte,monte Malanotte,Malanotte,,,,,,,,,
859,Monte Malinvern,monte Malinvern,Malinvern,,,,,,,,,
860,Monte Malvicino,monte Malvicino,Malvicino,,,,,,,,,
861,Monte Mondolè,monte Mondolè,Mondolè,,,,,,,,,
862,Monte Mongioie,Mongioie,Mongioje,,,,,,,,,
863,Monte Moro,monte Moro,,,,,,,,,,
864,Monte Peigrot,,,,,,,,,,,
865,Monte Pintas,monte Pintas,,,,,,,,,,
866,Monte Purale,monte Purale,Purale,,,,,,,,,
867,Monte Robinet,,,,,,,,,,,
868,Monte Rumella,monte Rumella,Rumella,,,,,,,,,
869,Monte San Giuliano,,,,,,,,,,,
870,Monte Savino,monte Savino,,,,,,,,,,
871,Monte Tamone,monte Tamone,Tamone,,,,,,,,,
872,Monte Tibert,monte Tibert,Tibert,,,,,,,,,
873,Monte Tobbio,monte Tobbio,,,,,,,,,,
874,Monte Triplex,Triplex,,,,,,,,,,
875,Monte Vaccia,monte Vaccia,,,,,,,,,,
876,Monte Viridio,monte Viridio,,,,,,,,,,
877,Monte Zuccaro,monte Zuccaro,Zuccaro,,,,,,,,,
878,Monte delle Plate,,,,,,,,,,,
879,Montecassino,,,,,,,,,,,
880,Montechiaro d'Asti,Montechiaro,,,,,,,,,,
881,Montefallonio,,,,,,,,,,,
882,Montegrosso d'Asti,Montegrosso,,,,,,,,,,
883,Montemale,Monte Male,,,,,,,,,,
884,Montemarino,,,,,,,,,,,
885,Montenegro,,,,,,,,,,,
886,Monterosso Grana,Monterosso,,,,,,,,,,
887,Monteu Roero,Monteu,,,,,,,,,,
888,Montezemolo,,,,,,,,,,,
889,Montfol,Monfol,,,,,,,,,,
890,Monticello d'Alba,Monticello,,,,,,,,,,
891,Montoso,,,,,,,,,,,
892,Montà d'Alba,Montà,,,,,,,,,,
893,Monviso,Monte Viso,monte Viso,Viso,,,,,,,,
894,Morbello,,,,,,,,,,,
895,Moremout,,,,,,,,,,,
896,Mornese,,,,,,,,,,,
897,Morozzo,,,,,,,,,,,
898,Mosca,,,,,,,,,,,
899,Moschieres,,,,,,,,,,,
900,Motta d'Asti,,,,,,,,,,,
901,Moucrous,,,,,,,,,,,
902,Muiass,,,,,,,,,,,
903,Mulinetto,Moulinet,,,,,,,,,,
904,Mulino Mazuria,,,,,,,,,,,
905,Mungiva,,,,,,,,,,,
906,Murazzano,,,,,,,,,,,
907,Murazzo,,,,,,,,,,,
908,Murello,,,,,,,,,,,
909,Muren,,,,,,,,,,,
910,Murenz,Murens,,,,,,,,,,
911,Murialdo,,,,,,,,,,,
912,Musingen,Müsingen,,,,,,,,,,
913,Mussotto,,,,,,,,,,,
914,Narzole,,,,,,,,,,,
915,Naviante,,,,,,,,,,,
916,Neive,,,,,,,,,,,
917,Neviglie,,,,,,,,,,,
918,Nichelino,,,,,,,,,,,
919,Niella Belbo,,,,,,,,,,,
920,Niella Tanaro,,,,,,,,,,,
921,Niré,,,,,,,,,,,
922,Nizza,,,,,,,,,,,
923,Nizza Monferrato,,,,,,,,,,,
924,Nizzardo,,,,,,,,,,,
925,None,,,,,,,,,,,
926,Norea,,,,,,,,,,,
927,Normandia,,,,,,,,,,,
928,Norvegia,,,,,,,,,,,
929,Novara,,,,,,,,,,,
930,Novi Ligure,Novi,,,,,,,,,,
931,Nucetto,Nuceto,,,,,,,,,,
932,Nusent,,,,,,,,,,,
933,Occa,,,,,,,,,,,
934,Olano,,,,,,,,,,,
935,Olivetta San Michele,Olivetta S. Michele,Olivetta,,,,,,,,,
936,Olmetto,,,,,,,,,,,
937,Olmo Gentile,,,,,,,,,,,
938,Oncino,,,,,,,,,,,
939,Orbassano,,,,,,,,,,,
940,Ormea,,,,,,,,,,,
941,Osasio,,,,,,,,,,,
942,Ospedaletti,,,,,,,,,,,
943,Ovada,,,,,,,,,,,
944,Paesana,,,,,,,,,,,
945,Paglieres,,,,,,,,,,,
946,Palanfrè,Palanfré,,,,,,,,,,
947,Palio,,,,,,,,,,,
948,Pallarea,,,,,,,,,,,
949,Palù,,,,,,,,,,,
950,Pamparato,,,,,,,,,,,
951,Pancalieri,,,,,,,,,,,
952,Panice Soprana,Panice Sottana,Panice,,,,,,,,,
953,Pantelleria,,,,,,,,,,,
954,Paralup,Paraloup,,,,,,,,,,
955,Parella,,,,,,,,,,,
956,Pari Soprano,,,,,,,,,,,
957,Pari Sottano,,,,,,,,,,,
958,Parigi,,,,,,,,,,,
959,Parma,,,,,,,,,,,
960,Pascal di Dubbione,,,,,,,,,,,
961,Paschera,,,,,,,,,,,
962,Pasché,Paschè,,,,,,,,,,
963,Pasco,,,,,,,,,,,
964,Pasco Monti,Pascomonti,,,,,,,,,,
965,Pasiotti,,,,,,,,,,,
966,Passo Resia,passo Resia,,,,,,,,,,
967,Passo del Clapis,Col Clapis,Clapis,,,,,,,,,
968,Passo del Duca,passo del Duca,,,,,,,,,,
969,Passo dell'Arcano,passo dell'Arcano,,,,,,,,,,
970,Passo dell'Arpetta,passo dell'Arpetta,,,,,,,,,,
971,Passo dell'Orso,,,,,,,,,,,
972,Passo della Colletta,passo della Colletta,,,,,,,,,,
973,Passo della Mena,passo della Mena,,,,,,,,,,
974,Passo della Scodella,,,,,,,,,,,
975,Passo delle Fascette,passo delle Fascette,Fascette,,,,,,,,,
976,Passo delle Goderie,passo delle Goderie,Goderie,,,,,,,,,
977,Passo delle Mastrelle,passo delle Mastrelle,Mastrelle,,,,,,,,,
978,Passo delle Saline,passo delle Saline,,,,,,,,,,
979,Pavarolo,,,,,,,,,,,
980,Pecetto Torinese,Pecetto,,,,,,,,,,
981,Pedaggera,La Pedaggera,,,,,,,,,,
982,Peirablanca,,,,,,,,,,,
983,Peirafica,,,,,,,,,,,
984,Pellone,Pellone di Miroglio,,,,,,,,,,
985,Pelvo d'Elva,,,,,,,,,,,
986,Pentenera,,,,,,,,,,,
987,Perdioni,,,,,,,,,,,
988,Perfetto,,,,,,,,,,,
989,Pergine Valsugana,Pergine,,,,,,,,,,
990,Perosa Argentina,Perosa,,,,,,,,,,
991,Perrero,,,,,,,,,,,
992,Pertinace,,,,,,,,,,,
993,Peschiera del Garda,Peschiera,,,,,,,,,,
994,Peveragno,,,,,,,,,,,
995,Pezzolo,,,,,,,,,,,
996,Piacentino,,,,,,,,,,,
997,Piaggia,,,,,,,,,,,
998,Pian Frollero,,,,,,,,,,,
999,Pian Marchisa,,,,,,,,,,,
1000,Pian Porcile,,,,,,,,,,,
1001,Pian Prà,,,,,,,,,,,
1002,Pian dei Giovi,,,,,,,,,,,
1003,Pian dei Lupi,pian dei Lupi,,,,,,,,,,
1004,Pian del Creus,,,,,,,,,,,
1005,Pian del Drago,,,,,,,,,,,
1006,Pian del Lot,pian del Lot,,,,,,,,,,
1007,Pian del Mare,,,,,,,,,,,
1008,Pian del Pis,,,,,,,,,,,
1009,Pian del Re,,,,,,,,,,,
1010,Pian dell'Alpe,,,,,,,,,,,
1011,Pian della Mussa,,,,,,,,,,,
1012,Pian della Regina,Pian Regina,,,,,,,,,,
1013,Pian della Tura,Tura,,,,,,,,,,
1014,Pian delle Gorre,,,,,,,,,,,
1015,Piana Crixia,Crixia,,,,,,,,,,
1016,Piana d'Ardua,,,,,,,,,,,
1017,Pianche,,,,,,,,,,,
1018,Piandimale,Pian di Mà,Pian di Ma,,,,,,,,,
1019,Pianetta,,,,,,,,,,,
1020,Pianezza,,,,,,,,,,,
1021,Pianfei,,,,,,,,,,,
1022,Piano Campo,,,,,,,,,,,
1023,Piano Quinto,,,,,,,,,,,
1024,Piano della Regina,,,,,,,,,,,
1025,Piano delle Camoscere,,,,,,,,,,,
1026,Piantoné,Piantonè,,,,,,,,,,
1027,Piantorre,,,,,,,,,,,
1028,Pianvignale,,,,,,,,,,,
1029,Piasco,,,,,,,,,,,
1030,Piatta di Montemale,Piatta,,,,,,,,,,
1031,Pic Charbonnel,,,,,,,,,,,
1032,Picchi di Cumiana,,,,,,,,,,,
1033,Piccolo San Bernardo,,,,,,,,,,,
1034,Pieia,,,,,,,,,,,
1035,Piemonte,,,,,,,,,,,
1036,Pierre Blanche,,,,,,,,,,,
1037,Pietrabianca,,,,,,,,,,,
1038,Pietrabruna,,,,,,,,,,,
1039,Pietraporzio,,,,,,,,,,,
1040,Pieve di Teco,,,,,,,,,,,
1041,Pievetta,,,,,,,,,,,
1042,Pigna,,,,,,,,,,,
1043,Pilone d'Olocco,Pilone dell'Olocco,,,,,,,,,,
1044,Pilone della Moretta,,,,,,,,,,,
1045,Pinerolese,,,,,,,,,,,
1046,Pinerolo,,,,,,,,,,,
1047,Pinetti,,,,,,,,,,,
1048,Pino Torinese,,,,,,,,,,,
1049,Piossasco,,,,,,,,,,,
1050,Piovà Massaia,Piovà,,,,,,,,,,
1051,Piozzo,,,,,,,,,,,
1052,Pisa,,,,,,,,,,,
1053,Piscina di Pinerolo,Piscina,,,,,,,,,,
1054,Pissaglio,,,,,,,,,,,
1055,Pituniera,,,,,,,,,,,
1056,Pizzo d'Ormea,,,,,,,,,,,
1057,Plampinet,,,,,,,,,,,
1058,Plan Peirol,,,,,,,,,,,
1059,Plan del Var,Plan du Var,Plan de Var,,,,,,,,,
1060,Plateau de Louch,,,,,,,,,,,
1061,Plateau du Louch,,,,,,,,,,,
1062,Pocapaglia,,,,,,,,,,,
1063,Podio,,,,,,,,,,,
1064,Pogliola,,,,,,,,,,,
1065,Poirino,,,,,,,,,,,
1066,Pois,,,,,,,,,,,
1067,Pola,,,,,,,,,,,
1068,Politri,,,,,,,,,,,
1069,Pollenzo,,,,,,,,,,,
1070,Polonia,,,,,,,,,,,
1071,Pomaretto,,,,,,,,,,,
1072,Pomeifrè,,,,,,,,,,,
1073,Pons,,,,,,,,,,,
1074,Ponte Bedale,,,,,,,,,,,
1075,Ponte Bernardo,,,,,,,,,,,
1076,Ponte Chisone,,,,,,,,,,,
1077,Ponte Marmora,,,,,,,,,,,
1078,Ponte Milvio,,,,,,,,,,,
1079,Ponte Olivengo,,,,,,,,,,,
1080,Ponte San Bernardo,,,,,,,,,,,
1081,Ponte San Martino,,,,,,,,,,,
1082,Ponte Ventoux,Pont Ventoux,,,,,,,,,,
1083,Ponte dei Distretti,ponte dei Distretti,,,,,,,,,,
1084,Ponte del Sale,ponte del Sale,,,,,,,,,,
1085,Ponte dell'Olla,ponte dell'Olla,,,,,,,,,,
1086,Ponte dell'Ula,ponte dell'Ula,ponte Ula,Ponte Ula,,,,,,,,
1087,Ponte delle Balze,ponte delle Balze,,,,,,,,,,
1088,Pontechianale,,,,,,,,,,,
1089,Pontedecimo,,,,,,,,,,,
1090,Pontetto,,,,,,,,,,,
1091,Pontevecchio,,,,,,,,,,,
1092,Ponza,,,,,,,,,,,
1093,Porcherot,Vallone di Porcherot,,,,,,,,,,
1094,Porta Nuova,,,,,,,,,,,
1095,Porta Sestrera,,,,,,,,,,,
1096,Porta Susa,,,,,,,,,,,
1097,Porta Tanaro,,,,,,,,,,,
1098,Porta Vivaro,,,,,,,,,,,
1099,Porte di Pinerolo,Porte,,,,,,,,,,
1100,Pourrières,,,,,,,,,,,
1101,Pra Catinat,,,,,,,,,,,
1102,Pra Martino,,,,,,,,,,,
1103,Pra d'Mill,,,,,,,,,,,
1104,Pra di Fonica,,,,,,,,,,,
1105,Pra di Roburent,Prà di Roburent,,,,,,,,,,
1106,Prabina,,,,,,,,,,,
1107,Pradeboni,,,,,,,,,,,
1108,Pradera,,,,,,,,,,,
1109,Pradleves,,,,,,,,,,,
1110,Pragelato,,,,,,,,,,,
1111,Prali,Praly,,,,,,,,,,
1112,Pramant,,,,,,,,,,,
1113,Pramollo,,,,,,,,,,,
1114,Prarostino,,,,,,,,,,,
1115,Pratavecchia di Dronero,Pratavecchia,,,,,,,,,,
1116,Prato Grimaldi,,,,,,,,,,,
1117,Prato Nevoso,,,,,,,,,,,
1118,Prato dell'Aquila,,,,,,,,,,,
1119,Pratolungo,,,,,,,,,,,
1120,Pravalin,Prai d'Valin,Pra Vallino,,,,,,,,,
1121,Prazzo,,,,,,,,,,,
1122,Prea,,,,,,,,,,,
1123,Preit,,,,,,,,,,,
1124,Prer,,,,,,,,,,,
1125,Provenza,,,,,,,,,,,
1126,Prunetto,,,,,,,,,,,
1127,Prà Dogana,,,,,,,,,,,
1128,Prà Mean,,,,,,,,,,,
1129,Prà d'Mill,Prà d' Mill,,,,,,,,,,
1130,Prà la Grangia,Prà La Grangia,,,,,,,,,,
1131,Pulin,,,,,,,,,,,
1132,Punta Alpette,,,,,,,,,,,
1133,Punta Clotès,,,,,,,,,,,
1134,Punta Moucrons,punta Moucrons,Moucrons,,,,,,,,,
1135,Punta Ramières,punta Ramières,,,,,,,,,,
1136,Punta Rascia,punta Rascia,,,,,,,,,,
1137,Puterle,,,,,,,,,,,
1138,Quartino di Loazzolo,Quartino,,,,,,,,,,
1139,Racconigi,,,,,,,,,,,
1140,Randanè,,,,,,,,,,,
1141,Ranga,,,,,,,,,,,
1142,Rastello,,,,,,,,,,,
1143,Reaglie,,,,,,,,,,,
1144,Reboisino,,,,,,,,,,,
1145,Reietto,,,,,,,,,,,
1146,Resiassa,,,,,,,,,,,
1147,Revello,,,,,,,,,,,
1148,Rezzo,,,,,,,,,,,
1149,Rialpo,,,,,,,,,,,
1150,Riclaretto,,,,,,,,,,,
1151,Ridotta di Fenestrelle,,,,,,,,,,,
1152,Riforno,,,,,,,,,,,
1153,Rifugio Balif,rifugio Balif,,,,,,,,,,
1154,Rifugio Barbara,rifugio Barbara,,,,,,,,,,
1155,Rifugio CAI “Toesca”,Rifugio Balmetta,,,,,,,,,,
1156,Rifugio G.E.A.T.,Rifugio Geat,rifugio G.E.A.T.,rifugio Geat,Rifugio GEAT,,,,,,,
1157,Rifugio Infernotto,rifugio Infernotto,,,,,,,,,,
1158,Rifugio Navonera,rifugio Navonera,Navonera,,,,,,,,,
1159,Rifugio Selle,,,,,,,,,,,
1160,Rifugio Valanza,rifugio Valanza,,,,,,,,,,
1161,Rifugio del Piz,rifugio del Piz,,,,,,,,,,
1162,Rifugio dell'Andelplan,rifugio dell'Andelplan,Andelplan,,,,,,,,,
1163,Rifugio delle Strobiette,Strobiette,,,,,,,,,,
1164,Rignau,,,,,,,,,,,
1165,Rio Colletta,,,,,,,,,,,
1166,Rio Curassa,,,,,,,,,,,
1167,Ripoira,,,,,,,,,,,
1168,Ristolas,,,,,,,,,,,
1169,Rittana,,,,,,,,,,,
1170,Riva di Pinerolo,Riva,,,,,,,,,,
1171,Rivadora,,,,,,,,,,,
1172,Rivoira di Boves,Rivoira,,,,,,,,,,
1173,Rivoli,,,,,,,,,,,
1174,Roapiana,,,,,,,,,,,
1175,Roaschia,,,,,,,,,,,
1176,Roata Rossi,Roata dei Rossi,roata Rossi,,,,,,,,,
1177,Roata del Prato,Roata Prato,Ruata Prato,Ruà del Prato,Roà del Prato,Ruà Prato,,,,,,
1178,Robassomero,,,,,,,,,,,
1179,Robilante,,,,,,,,,,,
1180,Robini,,,,,,,,,,,
1181,Roburent,Roburento,,,,,,,,,,
1182,Roburentello,,,,,,,,,,,
1183,Roc dei Cournaiass,,,,,,,,,,,
1184,Rocca Alta,,,,,,,,,,,
1185,Rocca Berra,rocca Berra,,,,,,,,,,
1186,Rocca Canavese,,,,,,,,,,,
1187,Rocca Ciglié,Roccaciglié,Roccacigliè,,,,,,,,,
1188,Rocca Nera,,,,,,,,,,,
1189,Rocca d'Arazzo,,,,,,,,,,,
1190,Rocca dei Due Denti,,,,,,,,,,,
1191,Rocca del Montone,,,,,,,,,,,
1192,Roccabianca,,,,,,,,,,,
1193,Roccabruna,,,,,,,,,,,
1194,Roccacigliè,,,,,,,,,,,
1195,Roccadebaldi,Rocca De' Baldi,,,,,,,,,,
1196,Roccaforte Mondovì,,,,,,,,,,,
1197,Roccasparvera,,,,,,,,,,,
1198,Roccaverano,,,,,,,,,,,
1199,Roccavione,,,,,,,,,,,
1200,Rocce Palatasse,,,,,,,,,,,
1201,Rocchetta Belbo,Rocchetta,,,,,,,,,,
1202,Rocchette di S. Lorenzo,Rocchette di San Lorenzo,Rocchette,,,,,,,,,
1203,Roccia Stella,,,,,,,,,,,
1204,Rocciamelone,,,,,,,,,,,
1205,Roche Sciapà,,,,,,,,,,,
1206,Rocheia,,,,,,,,,,,
1207,Rocher de la Garde,,,,,,,,,,,
1208,Roddi,Roddi d'Alba,,,,,,,,,,
1209,Rodello d'Alba,Rodello,,,,,,,,,,
1210,Rodoretto,,,,,,,,,,,
1211,Roletto,,,,,,,,,,,
1212,Roma,,,,,,,,,,,
1213,Romagnano Sesia,Romagnano,,,,,,,,,,
1214,Ronchea,,,,,,,,,,,
1215,Ronchesio,,,,,,,,,,,
1216,Roquebillière,Roccabigliera,,,,,,,,,,
1217,Rore,,,,,,,,,,,
1218,Roreto,Roreto Chisone,Chargeour,Roure,,,,,,,,
1219,Roreto di Cherasco,Roreto Cherasco,Roreto,,,,,,,,,
1220,Rorà,,,,,,,,,,,
1221,Rovere,,,,,,,,,,,
1222,Rubiana,,,,,,,,,,,
1223,Rucass,,,,,,,,,,,
1224,Ruil,,,,,,,,,,,
1225,Rulfa,,,,,,,,,,,
1226,Rumè,,,,,,,,,,,
1227,Russia,,,,,,,,,,,
1228,Rutigliano,,,,,,,,,,,
1229,Région de la Seyne,,,,,,,,,,,
1230,S. Anna della Collarea,Sant'Anna della Collarea,,,,,,,,,,
1231,S. Antonio di Gabiola,Sant'Antonio di Gabiola,Sant'Antonio,S. Antonio,,,,,,,,
1232,S. Bartolomeo di Cherasco,San Bartolomeo di Cherasco,,,,,,,,,,
1233,S. Bovo,San Bovo,San Bovo di Cossano,,,,,,,,,
1234,S. Dalmazzo di Tenda,San Dalmazzo di Tenda,Saint Dalmas de Tende,Saint-Dalmas de Tende,,,,,,,,
1235,S. Giovenale,San Giovenale,S. Giovenale di Peveragno,San Giovenale di Peveragno,,,,,,,,
1236,S. Lorenzo di Monastero,San Lorenzo di Monastero,,,,,,,,,,
1237,S. Lucia,Santa Lucia,,,,,,,,,,
1238,S. Lucia di Villanova Mondovì,,,,,,,,,,,
1239,S. Martin Vésubie,Saint Martin Vésubie,,,,,,,,,,
1240,S. Michele di Mondovì,San Michele di Mondovì,San Michele,S. Michele,,,,,,,,
1241,S. Quirico,San Quirico,,,,,,,,,,
1242,S. Saveur,S. Sauveur,Saint-Sauveur,Saint Sauveur,,,,,,,,
1243,Saben,,,,,,,,,,,
1244,Sagrado,,,,,,,,,,,
1245,Saint-Etienne-de-Tinée,Saint-Etienne,Saint Etienne,Saint-Étienne,St. Etienne,,,,,,,
1246,Saint-Paul-sur-Ubaye,Saint-Paul,Saint Paul,,,,,,,,,
1247,Sale Langhe,,,,,,,,,,,
1248,Salere,,,,,,,,,,,
1249,Saliceto,,,,,,,,,,,
1250,Salimao,,,,,,,,,,,
1251,Salmour,,,,,,,,,,,
1252,Salto del Camoscio,,,,,,,,,,,
1253,Saluggia,,,,,,,,,,,
1254,Saluzzese,,,,,,,,,,,
1255,Saluzzo,,,,,,,,,,,
1256,Salza,,,,,,,,,,,
1257,Salò,,,,,,,,,,,
1258,Sampeyre,,,,,,,,,,,
1259,Sampierdarena,,,,,,,,,,,
1260,San Bartolomeo,S. Bartolomeo,,,,,,,,,,
1261,San Bartolomeo del Cogno,,,,,,,,,,,
1262,San Benedetto Belbo,S. Benedetto Belbo,,,,,,,,,,
1263,San Benigno,S. Benigno,San Benigno di Cuneo,S. Benigno di Cuneo,,,,,,,,
1264,San Bernardino di Trana,,,,,,,,,,,
1265,San Bernardo di Cervasca,San Bernardo,,,,,,,,,,
1266,San Bernolfo,,,,,,,,,,,
1267,San Carlo di Boves,S. Carlo di Boves,San Carlo,S.Carlo,,,,,,,,
1268,San Casciano,,,,,,,,,,,
1269,San Cassiano,,,,,,,,,,,
1270,San Chiaffredo di Busca,San Chiaffredo,,,,,,,,,,
1271,San Damiano Macra,San Damiano di Macra,S. Damiano Macra,S. Damiano,San Damiano,,,,,,,
1272,San Defendente,,,,,,,,,,,
1273,San Donato,S. Donato,San Donato di Mango,S. Donato di Mango,,,,,,,,
1274,San Germano Chisone,San Germano,,,,,,,,,,
1275,San Giacomo di Boves,S. Giacomo di Boves,San Giacomo,S. Giacomo,,,,,,,,
1276,San Giacomo di Demonte,S. Giacomo di Demonte,San Giacomo,S. Giacomo,,,,,,,,
1277,San Giacomo di Roburent,S. Giacomo di Roburent,S. Giacomo,San Giacomo,,,,,,,,
1278,San Giorgio Scarampi,S. Giorgio Scarampi,San Giorgio,S. Giorgio,,,,,,,,
1279,San Giorgio di Beinette,S. Giorgio di Beinette,,,,,,,,,,
1280,San Giorgio di Valgrana,frazione San Giorgio,San Giorgio,frazione S. Giorgio,S. Giorgio,S. Giorgio di Valgrana,,,,,,
1281,San Giorio,S. Giorio,,,,,,,,,,
1282,San Giovanni Ghidone,,,,,,,,,,,
1283,San Giovanni Lontano,,,,,,,,,,,
1284,San Giovanni dei Govoni,San Giovanni Govoni,S. Giovanni dei Govoni,,,,,,,,,
1285,San Giovanni di Peveragno,S. Giovanni di Peveragno,,,,,,,,,,
1286,San Grato,S. Grato,St. Grat,St Grat,Saint Grat,,,,,,,
1287,San Lorenzo,,,,,,,,,,,
1288,San Luca di Villafranca,San Luca,S. Luca di Villafranca,,,,,,,,,
1289,San Luigi di Mombarcaro,S. Luigi di Mombarcaro,San Luigi,S. Luigi,,,,,,,,
1290,San Martino di Barge,San Martino,,,,,,,,,,
1291,San Martino di Cossano,San Martino,,,,,,,,,,
1292,San Martino di Pinguente,,,,,,,,,,,
1293,San Marzano,,,,,,,,,,,
1294,San Matteo,S. Matteo,frazione San Matteo,Frazione San Matteo,San Matteo di Demonte,,,,,,,
1295,San Matteo d'Asti,San Matteo,,,,,,,,,,
1296,San Maurizio Canavese,S. Maurizio Canavese,,,,,,,,,,
1297,San Maurizio di Demonte,San Maurizio,S. Maurizio,Frazione San Maurizio,frazione S. Maurizio,frazione San Maurizio,,,,,,
1298,San Maurizio di Pinerolo,S. Maurizio di Pinerolo,S. Maurizio,San Maurizio,,,,,,,,
1299,San Mauro Torinese,S. Mauro Torinese,San Mauro,S. Mauro,,,,,,,,
1300,San Pietro Val Lemina,,,,,,,,,,,
1301,San Pietro del Gallo,S. Pietro del Gallo,,,,,,,,,,
1302,San Pietro di Monterosso,San Pietro Monterosso,S. Pietro Monterosso,S. Pietro di Monterosso,,,,,,,,
1303,San Rocco Castagnaretta,S. Rocco Castagnaretta,,,,,,,,,,
1304,San Sabba,,,,,,,,,,,
1305,San Secondo di Pinerolo,San Secondo,,,,,,,,,,
1306,Sanfront,,,,,,,,,,,
1307,Sanfrè,,,,,,,,,,,
1308,Sangano,,,,,,,,,,,
1309,Sangro,,,,,,,,,,,
1310,Sant'Albano Stura,S. Albano Stura,S. Albano,Sant'Albano,,,,,,,,
1311,Sant'Ambrogio di Mango,,,,,,,,,,,
1312,Sant'Anna Avagnina,S. Anna Avagnina,,,,,,,,,,
1313,Sant'Anna di Bellino,Sant'Anna,S. Anna di Bellino,S. Anna,,,,,,,,
1314,Sant'Anna di Bernezzo,S. Anna di Bernezzo,,,,,,,,,,
1315,Sant'Anna di Piossasco,Sant'Anna,S. Anna di Piossasco,S. Anna,,,,,,,,
1316,Sant'Anna di Vinadio,Sant'Anna,S. Anna di Vinadio,S. Anna,,,,,,,,
1317,Sant'Antonino di Marsaglia,Sant'Antonio di Marsaglia,,,,,,,,,,
1318,Sant'Antonino di Susa,Sant'Antonino,S. Antonino di Susa,S. Antonino,,,,,,,,
1319,Sant'Antonio di Aradolo,S. Antonio di Aradolo,S. Antonio,Sant'Antonio,,,,,,,,
1320,Sant'Elena di Rocchetta Belbo,Sant'Elena,,,,,,,,,,
1321,Sant'Orsola,S. Orsola,,,,,,,,,,
1322,Santa Cristina,S. Cristina,,,,,,,,,,
1323,Santa Giulia,,,,,,,,,,,
1324,Santa Libera,Santa Libera di Loazzolo,,,,,,,,,,
1325,Santa Margherita,S. Margherita,frazione Santa Margherita,frazione S. Margherita,Margherita,,,,,,,
1326,Santa Maria Rocca,,,,,,,,,,,
1327,Santa Maria della Morra,,,,,,,,,,,
1328,Santa Marta,,,,,,,,,,,
1329,Santa Petronilla,,,,,,,,,,,
1330,Santa Rosalia,S. Rosalia,,,,,,,,,,
1331,Santa Vittoria d'Alba,S. Vittoria d'Alba,Santa Vittoria,S. Vittoria,,,,,,,,
1332,Santo Stefano Belbo,Santo Stefano,S. Stefano,S. Stefano Belbo,,,,,,,,
1333,Santo Stefano Roero,Santo Stefano,S. Stefano,S. Stefano Roero,,,,,,,,
1334,Santuario di Gottasecca,,,,,,,,,,,
1335,Santuario di S. Magno,santuario di S. Magno,Santuario di San Magno,santuario di San Magno,,,,,,,,
1336,Sapatlè,,,,,,,,,,,
1337,Sapé di Valloriate,Monte Sapé,monte Sapé,Monte Sapè,monte Sapè,Sapé,,,,,,
1338,Saretto,Saretto in Valle Grana,,,,,,,,,,
1339,Sassi di Torino,Sassi,,,,,,,,,,
1340,Sauze d'Oulx,Salice d'Ulzio,Sauze,,,,,,,,,
1341,Savigliano,,,,,,,,,,,
1342,Savona,,,,,,,,,,,
1343,Savonese,,,,,,,,,,,
1344,Savoulx,,,,,,,,,,,
1345,Sborgnina,Sbornina,,,,,,,,,,
1346,Scagnello,,,,,,,,,,,
1347,Scalenghe,,,,,,,,,,,
1348,Scaletta Uzzone,,,,,,,,,,,
1349,Scau,,,,,,,,,,,
1350,Schou,,,,,,,,,,,
1351,Sciolli,,,,,,,,,,,
1352,Scorrone,,,,,,,,,,,
1353,Scravezzi,,,,,,,,,,,
1354,Seirole,,,,,,,,,,,
1355,Sella Bausana,,,,,,,,,,,
1356,Sella dei Gavi,,,,,,,,,,,
1357,Selleries,,,,,,,,,,,
1358,Seraiss,Rocche del Seraiss,,,,,,,,,,
1359,Serole,,,,,,,,,,,
1360,Serra Boella,,,,,,,,,,,
1361,Serra di Pamparato,,,,,,,,,,,
1362,Serravalle Langhe,Serravalle,,,,,,,,,,
1363,Serravalle Scrivia,Serravalle,,,,,,,,,,
1364,Serre Marchet,,,,,,,,,,,
1365,Serre Marie,,,,,,,,,,,
1366,Serre di Oncino,Serre,,,,,,,,,,
1367,Serrette,,,,,,,,,,,
1368,Sestri Levante,,,,,,,,,,,
1369,Sestrières,,,,,,,,,,,
1370,Sestrières Borgata,,,,,,,,,,,
1371,Settimo Torinese,Settimo,,,,,,,,,,
1372,Sicilia,,,,,,,,,,,
1373,Signol,,,,,,,,,,,
1374,Sises,,,,,,,,,,,
1375,Soglio,,,,,,,,,,,
1376,Sommariva Bosco,Sommariva del Bosco,Sommariva,,,,,,,,,
1377,Sommariva Perno,Sommariva,,,,,,,,,,
1378,Sospel,Sospello,,,,,,,,,,
1379,Sru,,,,,,,,,,,
1380,Staffarda,,,,,,,,,,,
1381,Stati Uniti,America,USA,U.S.A.,,,,,,,,
1382,Straluzzo,,,,,,,,,,,
1383,Stretti di Andonno,,,,,,,,,,,
1384,Strigno,,,,,,,,,,,
1385,Stroppo,,,,,,,,,,,
1386,Superga,,,,,,,,,,,
1387,Surie,,,,,,,,,,,
1388,Surì,,,,,,,,,,,
1389,Surì della Rovere,,,,,,,,,,,
1390,Susa,,,,,,,,,,,
1391,Svizzera,,,,,,,,,,,
1392,Séguret,,,,,,,,,,,
1393,Tagliante,,,,,,,,,,,
1394,Talucco,,,,,,,,,,,
1395,Tamiano,,,,,,,,,,,
1396,Tarantasca,,,,,,,,,,,
1397,Tenda,Tende,,,,,,,,,,
1398,Terme di Valdieri,terme di Valdieri,,,,,,,,,,
1399,Ternavasso,,,,,,,,,,,
1400,Terno d'Isola,,,,,,,,,,,
1401,Testa di Mottas,testa di Mottas,,,,,,,,,,
1402,Tetti Bertaina,,,,,,,,,,,
1403,Tetti Boetto,,,,,,,,,,,
1404,Tetti Bordeis,,,,,,,,,,,
1405,Tetti Cicioni,,,,,,,,,,,
1406,Tetti Coletta,,,,,,,,,,,
1407,Tetti Garetto,,,,,,,,,,,
1408,Tetti Garro,,,,,,,,,,,
1409,Tetti Mauri,Mau,,,,,,,,,,
1410,Tetti Partia,,,,,,,,,,,
1411,Tetti Perticalli,,,,,,,,,,,
1412,Tetti Pesio,,,,,,,,,,,
1413,Tetti Truna,,,,,,,,,,,
1414,Tetto Novello,,,,,,,,,,,
1415,Thuras,,,,,,,,,,,
1416,Thures,,,,,,,,,,,
1417,Tignai,,,,,,,,,,,
1418,Todocco,,,,,,,,,,,
1419,Tolone,,,,,,,,,,,
1420,Torino,,,,,,,,,,,
1421,Torre Mondovì,,,,,,,,,,,
1422,Torre Pellice,,,,,,,,,,,
1423,Torre di Albaretto Macra,Torre di Albareto Macra,,,,,,,,,,
1424,Torresina,,,,,,,,,,,
1425,Torretta di San Donato,,,,,,,,,,,
1426,Torrette,,,,,,,,,,,
1427,Toscana,,,,,,,,,,,
1428,Trana,,,,,,,,,,,
1429,Trappa,,,,,,,,,,,
1430,Trassinò,,,,,,,,,,,
1431,Travers,,,,,,,,,,,
1432,Traverse di Pragelato,,,,,,,,,,,
1433,Traverses,,,,,,,,,,,
1434,Tre Cunei,,,,,,,,,,,
1435,Tre Stelle,Trestelle,,,,,,,,,,
1436,Tredici Laghi,,,,,,,,,,,
1437,Treiso,,,,,,,,,,,
1438,Tremiti,,,,,,,,,,,
1439,Trento,,,,,,,,,,,
1440,Treviglio,,,,,,,,,,,
1441,Trezzo Tinella,,,,,,,,,,,
1442,Trieste,,,,,,,,,,,
1443,Trinità,,,,,,,,,,,
1444,Trinità Soprana,,,,,,,,,,,
1445,Trinità di Demonte,frazione Trinità,Trinità,,,,,,,,,
1446,Trofarello,,,,,,,,,,,
1447,Trucca della Tura,,,,,,,,,,,
1448,Trucchi,,,,,,,,,,,
1449,Tucci,,,,,,,,,,,
1450,Udine,,,,,,,,,,,
1451,Ulzio,Oulx,,,,,,,,,,
1452,Unione Sovietica,URSS,U.R.S.S.,Urss,,,,,,,,
1453,Upega,,,,,,,,,,,
1454,Urbiano,,,,,,,,,,,
1455,Uscio,,,,,,,,,,,
1456,Usseaux,,,,,,,,,,,
1457,Ussolo,,,,,,,,,,,
1458,Vaccera,,,,,,,,,,,
1459,Vaglierano d'Asti,Vaglierano,,,,,,,,,,
1460,Vaie,,,,,,,,,,,
1461,Val Borsetto,,,,,,,,,,,
1462,Val Bousson,,,,,,,,,,,
1463,Val Cusina,,,,,,,,,,,
1464,Val Fredda,,,,,,,,,,,
1465,Val Gravio,,,,,,,,,,,
1466,Val Lemina,val Lemina,Valle Lemina,valle Lemina,,,,,,,,
1467,Val San Lorenzo,,,,,,,,,,,
1468,Val San Luigi,,,,,,,,,,,
1469,Val Vésubie,Valle Vésubie,Vallée de la Vésubie,vallée de la Vésubie,,,,,,,,
1470,Val d'Inferno,val d'Inferno,,,,,,,,,,
1471,Val dei Mocheni,,,,,,,,,,,
1472,Val di Lurisia,,,,,,,,,,,
1473,Val di Spigno,val di Spigno,Valle Bormida di Spigno,valle Bormida di Spigno,Valle della Bormida di Spigno,valle della Bormida di Spigno,Bormida di Spigno,,,,,
1474,Val di Taro,,,,,,,,,,,
1475,Valcasotto,,,,,,,,,,,
1476,Valcurta,Val Curta,Valle Curta,,,,,,,,,
1477,Valdarmella,Val d'Armella,valle Armella,Valle Armella,,,,,,,,
1478,Valdellatorre,Val della Torre,,,,,,,,,,
1479,Valdieri,,,,,,,,,,,
1480,Valdivilla,,,,,,,,,,,
1481,Valgrana,,,,,,,,,,,
1482,Valico di Collapiana,valico di Collapiana,Collapiana,Colla Piana,,,,,,,,
1483,Vallar,,,,,,,,,,,
1484,Valle Argentiera,Valle Argentera,Val Argentiera,valle Argentiera,,,,,,,,
1485,Valle Belbo,valle Belbo,Val Belbo,val Belbo,Belbo,,,,,,,
1486,Valle Bera,Val Bera,,,,,,,,,,
1487,Valle Bormida,valle Bormida,Val Bormida,val Bormida,Bormida,,,,,,,
1488,Valle Bronda,valle Bronda,Val Bronda,val Bronda,,,,,,,,
1489,Valle Casotto,valle Casotto,Val Casotto,val Casotto,,,,,,,,
1490,Valle Chisone,valle Chisone,Val Chisone,val Chisone,Chisone,,,,,,,
1491,Valle Colla,valle Colla,Val Colla,val Colla,valle del Colla,,,,,,,
1492,Valle Corsaglia,valle Corsaglia,Val Corsaglia,val Corsaglia,Corsaglia,,,,,,,
1493,Valle Ellero,valle Ellero,Val Ellero,val Ellero,valle dell'Ellero,Valle dell'Ellero,,,,,,
1494,Valle Germanasca,valle Germanasca,Val Germanasca,val Germanasca,Germanasca,,,,,,,
1495,Valle Gesso,valle Gesso,Val Gesso,val Gesso,Gesso,,,,,,,
1496,Valle Gilba,valle Gilba,Vallone di Gilba,,,,,,,,,
1497,Valle Gordolasca,valle Gordolasca,Gordolasca,Vallone della Gordolasca,vallone della Gordolasca,,,,,,,
1498,Valle Grana,valle Grana,Val Grana,val Grana,Grana,,,,,,,
1499,Valle Grande,,,,,,,,,,,
1500,Valle Infernotto,valle Infernotto,Val Infernotto,val Infernotto,Infernotto,,,,,,,
1501,Valle Josina,valle Josina,Valle Iosina,valle Iosina,Josina,Iosina,Val Josina,Val Iosina,,,,
1502,Valle Luserna,Val Luserna,valle Luserna,val Luserna,,,,,,,,
1503,Valle Maira,valle Maira,Val Maira,val Maira,Maira,,,,,,,
1504,Valle Maudagna,valle Maudagna,Val Maudagna,val Maudagna,,,,,,,,
1505,Valle Mongia,valle Mongia,Val Mongia,val Mongia,Mongia,,,,,,,
1506,Valle Nervia,valle Nervia,,,,,,,,,,
1507,Valle Noce,valle Noce,Val Noce,val Noce,,,,,,,,
1508,Valle Pellice,valle Pellice,Val Pellice,val Pellice,Pellice,,,,,,,
1509,Valle Pesio,valle Pesio,Val Pesio,val Pesio,vallata del Pesio,Valle del Pesio,,,,,,
1510,Valle Po,valle Po,Val Po,val Po,Valle del Po,valle del Po,,,,,,
1511,Valle Roia,Valle Roja,Valle Roya,valle Roia,valle Roja,valle Roya,val Roia,val Roja,val Roya,Roja,Roya,Roia
1512,Valle Sangone,valle Sangone,Val Sangone,val Sangone,Sangone,,,,,,,
1513,Valle Soana,valle Soana,Val Soana,val Soana,Val di Soana,val di Soana,Soana,,,,,
1514,Valle Stretta,,,,,,,,,,,
1515,Valle Stura,valle Stura,Val Stura,val Stura,Stura,,,,,,,
1516,Valle Susa,Valle di Susa,valle Susa,valle di Susa,Val Susa,val Susa,Val di Susa,val di Susa,,,,
1517,Valle Tanaro,valle Tanaro,Val Tanaro,val Tanaro,valle del Tanaro,,,,,,,
1518,Valle Tinée,valle Tinée,Val Tinée,val Tinée,vallée de la Tinée,Tinea,,,,,,
1519,Valle Troncea,Val Troncea,valle Troncea,val Troncea,,,,,,,,
1520,Valle Uzzone,valle Uzzone,Val Uzzone,val Uzzone,,,,,,,,
1521,Valle Varaita,valle Varaita,Val Varaita,val Varaita,Varaita,,,,,,,
1522,Valle Vermenagna,valle Vermenagna,Val Vermenagna,val Vermenagna,Vermenagna,,,,,,,
1523,Valle d'Aosta,Val d'Aosta,,,,,,,,,,
1524,Valle d'Ossola,valle d'Ossola,Valle Ossola,valle Ossola ,Val d'Ossola,val d'Ossola,Ossola,,,,,
1525,Valle del Chisola,valle del Chisola,Valle Chisola,valle Chisola,Valle della Chisola,valle della Chisola,Chisola,,,,,
1526,Valle del Guil,valle del Guil,Guil,,,,,,,,,
1527,Valle del Praz,,,,,,,,,,,
1528,Valle dell'Ubaye,Valle d'Ubaye,valle dell'Ubaye,valle d'Ubaye,Ubaye,,,,,,,
1529,Valle di Briançon,,,,,,,,,,,
1530,Valle di Cappello,,,,,,,,,,,
1531,Valle di Ciastiglione,Val de Chastillon,valle di Ciastiglione,,,,,,,,,
1532,Valle di Massello,valle di Massello,,,,,,,,,,
1533,Vallera di Caraglio,Valera di Caraglio,Valera,Vallera,,,,,,,,
1534,Vallone Cravina,vallone Cravina,,,,,,,,,,
1535,Vallone Messori,Vallone di Messori,vallone Messori,vallone di Messori,Messuri,Messori,,,,,,
1536,Vallone Pettavin,vallone Pettavin,,,,,,,,,,
1537,Vallone Rif,vallone Rif,Vallone del Rif,vallone del Rif,,,,,,,,
1538,Vallone del Cavallo,vallone del Cavallo,,,,,,,,,,
1539,Vallone del Pari,vallone del Pari,,,,,,,,,,
1540,Vallone del Piz,vallone del Piz,Piz,,,,,,,,,
1541,Vallone dell'Arma,vallone dell'Arma,valle dell'Arma,Valle dell'Arma,,,,,,,,
1542,Vallone della Longia,vallone della Longia,Longia,,,,,,,,,
1543,Vallone della Rossa,vallone della Rossa,,,,,,,,,,
1544,Vallone delle Mastrelle,vallone delle Mastrelle,,,,,,,,,,
1545,Vallone delle Selle,vallone delle Selle,,,,,,,,,,
1546,Vallone di Bourcet,vallone di Bourcet,Bourcet,,,,,,,,,
1547,Vallone di Celle,vallone di Celle,,,,,,,,,,
1548,Vallone di Collalunga,vallone di Collalunga,Collalunga,,,,,,,,,
1549,Vallone di Combamala,vallone di Combamala,,,,,,,,,,
1550,Vallone di Cournaiass,vallone di Cournaiass,,,,,,,,,,
1551,Vallone di Cristove,vallone di Cristove,,,,,,,,,,
1552,Vallone di Droneretto,vallone di Droneretto,,,,,,,,,,
1553,Vallone di Fracchie,vallone di Fracchie,,,,,,,,,,
1554,Vallone di Garnier,vallone Garnier,Garnier,,,,,,,,,
1555,Vallone di Marmora,vallone di Marmora,,,,,,,,,,
1556,Vallone di Paglieres,vallone di Paglieres,,,,,,,,,,
1557,Vallone di Prali,vallone di Prali,,,,,,,,,,
1558,Vallone di Roccias Lion,vallone di Roccias Lion,,,,,,,,,,
1559,Vallone di Rouen,vallone di Rouen,,,,,,,,,,
1560,Vallone di Rumiano,vallone di Rumiano,,,,,,,,,,
1561,Vallone di S. Bernardo,vallone di S. Bernardo,,,,,,,,,,
1562,Vallone di Salza,vallone di Salza,,,,,,,,,,
1563,Vallone di San Bernolfo,vallone di San Bernolfo,,,,,,,,,,
1564,Vallone di Soglio,vallone di Soglio,,,,,,,,,,
1565,Vallone di Turini,vallone di Turini,,,,,,,,,,
1566,Vallone di Valloriate,vallone di Valloriate,,,,,,,,,,
1567,Vallone di Valpreveyre,vallone di Valpreveyre,,,,,,,,,,
1568,Vallonetto di Seite,vallonetto di Seite,,,,,,,,,,
1569,Vallongo,,,,,,,,,,,
1570,Valloriate,,,,,,,,,,,
1571,Vallouise,,,,,,,,,,,
1572,Vallunga,,,,,,,,,,,
1573,Vallée de Barcelonnette,,,,,,,,,,,
1574,Vallée du Verdon,,,,,,,,,,,
1575,Valmala,Val Mala,,,,,,,,,,
1576,Valsesia,,,,,,,,,,,
1577,Varese,,,,,,,,,,,
1578,Vars,,,,,,,,,,,
1579,Vassa Soprana,,,,,,,,,,,
1580,Venaria,Venaria Reale,,,,,,,,,,
1581,Venasca,,,,,,,,,,,
1582,Veneto,,,,,,,,,,,
1583,Ventimiglia,,,,,,,,,,,
1584,Ventotene,,,,,,,,,,,
1585,Vercelli,,,,,,,,,,,
1586,Vercors,,,,,,,,,,,
1587,Verduno,,,,,,,,,,,
1588,Verna di Cumiana,Verna,borgata Verna,La Verna,,,,,,,,
1589,Vernante,,,,,,,,,,,
1590,Vernetta,,,,,,,,,,,
1591,Vernone,,,,,,,,,,,
1592,Verona,,,,,,,,,,,
1593,Verzeglio,,,,,,,,,,,
1594,Verzuolo,,,,,,,,,,,
1595,Vesime,,,,,,,,,,,
1596,Viale,,,,,,,,,,,
1597,Vicenza,,,,,,,,,,,
1598,Vichy,,,,,,,,,,,
1599,Vicoforte Mondovì,Vicoforte,,,,,,,,,,
1600,Vidavì,,,,,,,,,,,
1601,Vienna,,,,,,,,,,,
1602,Viglietti,,,,,,,,,,,
1603,Vigna,,,,,,,,,,,
1604,Vigna Allason,,,,,,,,,,,
1605,Vignolo,,,,,,,,,,,
1606,Vigone,,,,,,,,,,,
1607,Villa Borghese,,,,,,,,,,,
1608,Villa Desmé,Villa Desmè,villa Desmé,villa Desmè,,,,,,,,
1609,Villa Miroglio,villa Miroglio,,,,,,,,,,
1610,Villa Soche,villa Soche,,,,,,,,,,
1611,Villa del Thus,Thus,,,,,,,,,,
1612,Villafalletto,Villafaletto,,,,,,,,,,
1613,Villafranca Piemonte,Villafranca,,,,,,,,,,
1614,Villafranca d'Asti,Villafranca,,,,,,,,,,
1615,Villanova Mondovì,Villanova,,,,,,,,,,
1616,Villanova Solaro,Villanova,,,,,,,,,,
1617,Villanova d'Asti,Villanova,,,,,,,,,,
1618,Villanovetta,,,,,,,,,,,
1619,Villar Bagnolo,,,,,,,,,,,
1620,Villar Perosa,Villar,,,,,,,,,,
1621,Villar San Costanzo,,,,,,,,,,,
1622,Villardamond,,,,,,,,,,,
1623,Villardora,Villar Dora,,,,,,,,,,
1624,Villaretto,,,,,,,,,,,
1625,Villaro,,,,,,,,,,,
1626,Villastellone,,,,,,,,,,,
1627,Villefranche sur Mer,Villefranche,,,,,,,,,,
1628,Vinadio,,,,,,,,,,,
1629,Vinchio d'Asti,Vinchio,,,,,,,,,,
1630,Viola,,,,,,,,,,,
1631,Viozene,,,,,,,,,,,
1632,Viret,,,,,,,,,,,
1633,Virle,,,,,,,,,,,
1634,Vivian,,,,,,,,,,,
1635,Voghera,,,,,,,,,,,
1636,Voltaggio,,,,,,,,,,,
1637,Voltri,,,,,,,,,,,
1638,Volvera,,,,,,,,,,,
1639,Zivignago,,,,,,,,,,,
1640,Zizzola,,,,,,,,,,,
1641,alta Langa,Alta Langa,,,,,,,,,,
1642,bassa Langa,Bassa Langa,,,,,,,,,,
1643,borgata Brusis,,,,,,,,,,,
1644,borgata Durando,,,,,,,,,,,
1645,bric Romanino,Bric Romanino,,,,,,,,,,
1646,bricco Giacotto,,,,,,,,,,,
1647,buco delle Traversette,,,,,,,,,,,
1648,cascina Badilini,,,,,,,,,,,
1649,cascina Belmonte,,,,,,,,,,,
1650,cascina Biula,,,,,,,,,,,
1651,cascina Bouc,,,,,,,,,,,
1652,cascina Brusà,,,,,,,,,,,
1653,cascina Flori,,,,,,,,,,,
1654,cascina Frole,cascina delle Frole,,,,,,,,,,
1655,cascina Montisano,,,,,,,,,,,
1656,cascina Pultrin,,,,,,,,,,,
1657,cascina Vernazza,,,,,,,,,,,
1658,cascina del Vidu,,,,,,,,,,,
1659,cascina della Langa,,,,,,,,,,,
1660,cascina della Lodola,Lodola,,,,,,,,,,
1661,cascina della Rovere,,,,,,,,,,,
1662,case Cucchietti,borgata Cucchietti,Borgata Cucchietti,,,,,,,,,
1663,castello Ganda,,,,,,,,,,,
1664,catena del Marguareis,,,,,,,,,,,
1665,cima Lusiera,Cima Lusiera,,,,,,,,,,
1666,colle San Peire,,,,,,,,,,,
1667,colle del Mortè,colle del Morté,Mortè,Morté,,,,,,,,
1668,frazione Cicloni di S. Bartolomeo,Cicloni di S. Bartolomeo,Cicloni di San Bartolomeo,,,,,,,,,
1669,frazione Damiani,Damiani,,,,,,,,,,
1670,frazione Ferri,Frazione Ferri,,,,,,,,,,
1671,frazione Gabellieri,Frazione Gabellieri,,,,,,,,,,
1672,frazione Merletti di S. Bartolomeo,Merletti,,,,,,,,,,
1673,frazione Norat,Nurat,Norat,,,,,,,,,
1674,frazione Picchi,Picchi,,,,,,,,,,
1675,frazione Tetti di Dronero,Tetti di Dronero,frazione Tetti,Tetti,,,,,,,,
1676,galleria di Tenda,,,,,,,,,,,
1677,ghiacciaio del Peirabroc,Peirabroc,,,,,,,,,,
1678,ghiacciaio del Sommeiller,,,,,,,,,,,
1679,grange del Pilone,,,,,,,,,,,
1680,località Pagliano,borgata Pagliano,Pagliano,,,,,,,,,
1681,massiccio di Trois Evechés,Trois Evechés,,,,,,,,,,
1682,mulino delle Renette,,,,,,,,,,,
1683,passo Fioniere,Col di Fioniere,Passo della Fioniere,Passo Fioniere,col di Fioniere,Fioniere,,,,,,
1684,passo della Bossola,Passo della Bossola,,,,,,,,,,
1685,pianura Padana,,,,,,,,,,,
1686,ponte del Furlam,,,,,,,,,,,
1687,ponte dell'Armonè,Armonè,,,,,,,,,,
1688,ponte dell'Asino,,,,,,,,,,,
1689,ponte della Gianna,,,,,,,,,,,
1690,ponte di Castelletto,,,,,,,,,,,
1691,ponte di S. Lazzaro,ponte di San Lazzaro,,,,,,,,,,
1692,ponte sul Rouen,,,,,,,,,,,
1693,punta del Mezzodì,,,,,,,,,,,
1694,quartiere Barca,Barca,,,,,,,,,,
1695,regione Dalmassi,,,,,,,,,,,
1696,regione Dante,,,,,,,,,,,
1697,regione Gandolfi,,,,,,,,,,,
1698,rifugio Cacciatori,Rifugio Cacciatori,rifugio dei Cacciatori,Rifugio dei Cacciatori,,,,,,,,
1699,rifugio Imperia,,,,,,,,,,,
1700,rifugio Margherita,rifugio Regina Margherita,,,,,,,,,,
1701,rifugio Migliorero,Migliorero,,,,,,,,,,
1702,rifugio Mondovì,,,,,,,,,,,
1703,rifugio Nizza,Rifugio Nizza,,,,,,,,,,
1704,rifugio Quintino Sella,Quintino Sella,Sella,,,,,,,,,
1705,rifugio Vei del Bouc,Rifugio Vei del Bouc,,,,,,,,,,
1706,rifugio del Prel,,,,,,,,,,,
1707,rifugio «Mettolo Castellino»,rifugio Mettolo Castellino,Rifugio Mettolo,rifugio Mettolo,,,,,,,,
1708,rio Cherasca,,,,,,,,,,,
1709,rio Rouen,torrente Rouen,Rouen,,,,,,,,,
1710,rocca di Curnajass,Rocca di Curnajass,Roche Cournajass,,,,,,,,,
1711,salita della Coupure,Coupure,,,,,,,,,,
1712,selletta di Baracco,Sella di Baracco,sella di Baracco,,,,,,,,,
1713,stalla Lovera,,,,,,,,,,,
1714,stalle Brigna,,,,,,,,,,,
1715,torrente Fersina,Fersina,,,,,,,,,,
1716,valico della Longia,,,,,,,,,,,
1717,valli di Lanzo,Val di Lanzo,Valle di Lanzo,,,,,,,,,
1718,vallone del Graus,,,,,,,,,,,
1719,vallone del Maurin,Maurin,Vallone del Maurin,,,,,,,,,
1720,vallone di Bagel,Vallone di Bagel,,,,,,,,,,
1721,vallone di Piossasco,,,,,,,,,,,
1722,vallone di Rochemolles,,,,,,,,,,,
1723,vallone di Santa Margherita,vallone di S. Margherita,vallone della Margherita,Vallone della Margherita,Vallone di Santa Margherita,Vallone di S. Margherita,vallone di Roata del Prato,,,,,
1724,villa Lanata,Villa Lanta,,,,,,,,,,
1725,villetta del Viridio,Villetta del Viridio,Viridio,Villetta,,,,,,,,
