1,"103a Brigata d'Assalto Garibaldi ""G. Nannetti""",103a Brigata Nannetti,103a Garibaldi,103a Brigata Garibaldi,103a Brigata,103a Nannetti,,,,,,,,,,,,
2,104a Brigata Garibaldi «Carlo Fissore»,104a Brigata «Carlo Fissore»,104a Garibaldi,104a Brigata Garibaldi,104a Brigata,104a,104a Fissore,,104a brigata,,,,,,,,
3,105a Brigata Garibaldi,105a Brg. Garibaldi,105a Pisacane,105a Brigata Carlo Pisacane,105a Brigata Pisacane,105a Brigata,"105° Brigata ""Pisacane""",105a brigata «Pisacane»,105a brigata Garibaldi Pisacane,Brigata Pisacane,,,,,,,,
4,106a Brigata Garibaldi,106a brigata Garibaldi,"106a Brigata Garibaldi ""Giordano Velino""",106a Garibaldi,,,,,,,,,,,,,,
5,10a divisione GL,10a Divisione GL,10a divisione Alpina GL,10a Divisione Alpina GL,10a divisione,10a Divisione,X Divisione Alpina GL,X Divisione Alpina G.L.,X Divisione Giustizia e Libertà,X Divisione GL,X divisione GL,X divisione G.L.,X Divisione G.L.,,,,,
6,111° Reggimento Fanteria,,,,,,,,,,,,,,,,,
7,115a Brigata Garibaldi,115a Garibaldi,,,,,,,,,,,,,,,,
8,11a divisione Garibaldi,11a Divisione Garibaldi,XI Divisione Garibaldi,11a Garibaldi,XI Divisione,XI divisione,,,,,,,,,,,,
9,11° Alpini,,,,,,,,,,,,,,,,,
10,12a brigata Garibaldi,,,,,,,,,,,,,,,,,
11,12a divisione «Bra»,12a Divisione «Bra»,12a Divisione Bra,12a divisione Bra,12a Divisione,12a «Bra»,divisione Bra,Divisione Bra,,,,,,,,,,
12,13a Divisione,13a Divisione Garibaldi,,,,,,,,,,,,,,,,
13,15a Brigata Garibaldi «Saluzzo»,15a Brigata Garibaldi Saluzzo,15a Brigata Garibaldi,15a Brigata,15a Garibaldi,"Brigata XV ""Saluzzo""","XV ""Saluzzo""",15a Saluzzo,,15a,"brigata ""Saluzzo""",15a Brigata garibaldina,15a brigata Saluzzo,,,,,
14,15a Divisione «Alessandria»,15a «Alessandria»,15a Alessandria,15a divisione,,,,,,,,,,,,,,
15,16a Brigata Garibaldi,16a Brigata Generale Perotti,"brigata XVI ""Generale Perotti""",XVI brigata Garibaldi,XVI Brigata Garibaldi,16a Brigata,16a «Gen. Perotti»,16a Brigata «Gen. Perotti»,,,,,,,,,,
16,177a Brigata Garibaldi «Barale»,177a Brigata «Barale»,177a Brigata Garibaldi,177a Brigata,177a Barale,177a brigata Garibaldi Giovanni Barale,177a Brigata Barale,177a,177a Garibaldi,«Barale»,177a Brigata «Garibaldi»,,,,,,,
17,179a Brigata Garibaldi,179a Garibaldi,,,,,,,,,,,,,,,,
18,"17a Brigata ""Garibaldi""",17a Garibaldi,"17a Brigata Garibaldi ""Felice Cima""",,,,,,,,,,,,,,,
19,17a Divisione Corazzata Rommel,,,,,,,,,,,,,,,,,
20,181a Brigata Garibaldi,181a brigata Garibaldi,181a «Morbiducci»,181a brigata «Morbiducci»,181a Brigata Morbiducci,181a brigata Morbiducci,181a Morbiducci,181a Garibaldi,181a,CLXXXI brigata Garibaldi,,,,,,,,
21,185° Regg. «Buffalo»,,,,,,,,,,,,,,,,,
22,19a Brigata Garibaldi,19a Brigata,XIX Brigata Garibaldi,XIX Brigata,XIXa Brigata,"19a Brigata Garibaldi ""Eusebio Giambone""","XIX Brigata Garibaldi ""Eusebio Giambone""",19a Brigata Eusebio Giambone,19a Garibaldi,19a Giambone,19a,Brigata Giambone,brigata Giambone,,,,,
23,19° autoreparto tedesco,,,,,,,,,,,,,,,,,
24,1a Banda «Enrico Gay»,Banda «Enrico Gay»,«Enrico Gay»,,,,,,,,,,,,,,,
25,1a Divisione Alpina Autonoma Val Chisone,divisione Autonoma di Val Chisone,,,,,,,,,,,,,,,,
26,1a Divisione Langhe,1a divisione Langhe,1a Divisione «Langhe»,1a divisione «Langhe»,1a Divisione Autonoma Langhe,1a Divisione,1a divisione,,,,,,,,,,,
27,1a Divisione d'Assalto Garibaldi,I Divisione Garibaldi Piemonte,I Divisione Garibaldi,1a Divisione Garibaldi,1a divisione Garibaldi,I Divisione d’assalto Garibaldini «Piemonte»,I Divisione d'Assalto Garibaldi Piemonte,1° Divisione Garibaldi Piemonte,,1a divisione d'assalto Garibaldi Piemonte,1a divisione Leo Lanfranco,divisione Leo Lanfranco,,,,,
28,1a divisione GL,1a divisione alpina GL,1a divisione Gl,1a Divisione Alpina GL,1a Divisione GL,Divisione Alpina GL,I Divisione Alpina G.L.,I Divisione Giustizia e Libertà,I Divisione GL,I Divisione G.L.,I divisione GL,I divisione G.L.,I Divisione Alpina,1a divisione,I divisione,,,
29,"1ª Divisione Panzer SS ""Leibstandarte SS Adolf Hitler"" ",divisione Adolf Hitler,,,,,,,,,,,,,,,,
30,1° Alpini,I reggimento alpini,1° Reggimento Alpini,,,,,,,,,,,,,,,
31,1° Gruppo Divisioni Alpine,1° gruppo divisioni alpine,,,,,,,,,,,,,,,,
32,20a Brigata Garibaldi Paolo Braccini,brigata «Paolo Braccini»,brigata Valle Grana Paolo Braccini,"brigata ""Paolo Braccini""",Brigata Valle Grana «Paolo Braccini»,,,,,,,,,,,,,
33,20a divisione GL,20a Divisione GL,20a Divisione G.L.,20a divisione G.L.,20a Divisione Alpina GL,XX Divisione Alpina GL,XX Divisione Alpina G.L.,XX Divisione Giustizia e Libertà,XX divisione alpina,,,,,,,,,
34,211a Divisone Hindenburg,,,,,,,,,,,,,,,,,
35,21a Brigata GL Piero Bellino,21 brigata GL Piero Bellino,21a Brigata GL,21a Brigata G.L.,21a brigata GL,21a brigata G.L.,XXI Brigata GL Piero Bellino,XXI brigata GL Piero Bellino,XXI Brigata GL,XXI Brigata G.L.,XXI brigata GL di pianura,XXI brigata di pianura GL,XXI brigata di pianura GL Pietro Bellino,,,,,
36,2a Banda «Bruno Jourdan»,Banda «Bruno Jourdan»,,,,,,,,,,,,,,,,
37,2a Divisione Alpi,2a divisione Alpi,2a Divisione «Alpi»,2a divisione «Alpi»,,,,,,,,,,,,,,
38,"2a Divisione Alpina ""Tridentina""",2a Divisione Alpina Tridentina,Divisione Tridentina,divisione Tridentina,"Divisione ""Tridentina""","divisione ""Tridentina""",Tridentina,Divisione «Tridentina»,divisione «Tridentina»,«Tridentina»,Tridentina,,,,,,,
39,2a Divisione Garibaldi,2a divisione Garibaldi,II Divisione Garibaldi Piemonte,II Divisione Garibaldi,,,,,,,,,,,,,,
40,2a Divisione Langhe,2a divisione Langhe,2a Divisione «Langhe»,2a divisione «Langhe»,2a Divisione,2a divisione,,,,,,,,,,,,
41,2a divisione GL,2a divisione alpina GL,2a Divisione GL,2a Divisione Alpina GL,II Divisione Alpina GL,II Divisione Alpina G.L.,II Divisione Giustizia e Libertà,II Divisione GL,II Divisione G.L.,II divisione GL,II divisione G.L.,II Divisione Alpina,2a divisione,II divisione,,,,
42,2a divisione «Cascione»,,,,,,,,,,,,,,,,,
43,2° Alpini,2° Reggimento Alpini,,,,,,,,,,,,,,,,
44,2° Reggimento Cacciatori degli Appennini,,,,,,,,,,,,,,,,,
45,2° raggruppamento «Cacciatori degli Appennini»,,,,,,,,,,,,,,,,,
46,34. Infanterie-Division,34a Divisione «Brandenburg»,34a Divisione tedesca «Brandenburg»,34a divisione,34a divisione tedesca,34a Divisione tedesca,34a Divisione,Divisione «Brandenburg»,34a Brandenburg,XXXIV Divisione tedesca,XXXIV divisione tedesca,,,,,,,
47,"35a Compagnia Alpina del Btg. ""Susa""",35a Compagnia Alpina,35a Compagnia Alpini,,,,,,,,,,,,,,,
48,3a Banda «Mario Costa»,«Mario Costa»,,,,,,,,,,,,,,,,
49,3a Divisione Alpi,3a divisione Alpi,3a Divisione «Alpi»,3a divisione «Alpi»,III Divisione Alpi,"III Divisione Alpi ""Fossano""",IIIa Divisione Alpi,IIIa Divisione «Alpi»,III Div. Alpi,,,,,,,,,
50,"3a Divisione Alpina ""Julia""",3a Divisione Alpina «Julia»,"3a Divisione alpina ""Julia""",3a Divisione alpina «Julia»,Divisione «Julia»,"Divisione ""Julia""",Divisione Julia,,,,,,,,,,,
51,3a Divisione Garibaldi,,,,,,,,,,,,,,,,,
52,3a divisione GL,3a divisione alpina GL,3a Divisione GL,3a Divisione Alpina GL,3a Divisione G.L.,3a divisione,3a Divisione,III Divisione Alpina GL,III Divisione Alpina G.L.,III Divisione Giustizia e Libertà,III Divisione GL,III Divisione G.L.,III divisione GL,III divisione G.L.,III Divisione Alpina,,,III divisione
53,3° Reggimento Alpini,3° Alpini,,,,,,,,,,,,,,,,
54,41a Brig.,"41a Brig. ""Carlo Carli""",,,,,,,,,,,,,,,,
55,"42a Brigata Garibaldi ""Walter Fontana""",42a Brigata,42a brigata,"42a Brigata Garibaldi ""Walter Fontan""","Brigata Garibaldi ""Walter Fontan""",,,,,,,,,,,,,
56,"44a Divisione Alpina Autonoma ""Val Chisone""",44a Divisione Alpina Autonoma,44a divisione Alpina Autonoma,44a Divisione Adolfo Serafino,44a Divisione «Val Chisone»,44a Divisione,,,,,,,,,,,,
57,45a Brigata Garibaldi,45a brigata Garibaldi,45a brigata,45a Brigata,,,,,,,,,,,,,,
58,48a Brigata Garibaldi,48a brigata Garibaldi,48a Brigata,48a brigata,48a Brigata Garibaldi Dante Di Nanni,48a Garibaldi,48a,XLVIII brigata «Garibaldi»,XLVIII brigata,XLVIII brigata Garibaldi,48a Brigata «D. di Nanni»,,,,,,,
59,49a Brigata Garibaldi,49a brigata Garibaldi,49a Brigata,49a brigata,49a Garibaldi,49a,,,,,,,,,,,,
60,4a Armata,4a armata,IV Armata,IV armata,IV Armata italiana,IV armata italiana,4 armata,4 Armata,4ª Armata,,,,,,,,,
61,4a Brigata Dante Di Nanni,,4a Brigata Garibaldi,IV Brigata d’Assalto Garibaldi,IV Brigata Garibaldi,IV Brigata,IV Brg.,IV brigata,,,,,,,,,,
62,4a Brigata Garibaldi Cuneo,4a brigata Garibaldi Cuneo,4a Brigata Garibaldi «Cuneo»,4a brigata Garibaldi «Cuneo»,4a Cuneo,"4a ""Cuneo""",4a «Cuneo»,4a brigata,4a Brigata,,,,,,,,,
63,4a Divisione Alpi,4a divisione Alpi,4a Divisione «Alpi»,4a divisione «Alpi»,,,,,,,,,,,,,,
64,"4a Divisione Alpina ""Cuneense""","4a Divisione alpina ""Cuneense""",4a Divisione alpina «Cuneense»,4a Divisione Alpina «Cuneense»,Divisione «Cuneense»,"Divisione ""Cuneense""",«Cuneense»,Cuneense,Cuneense,,,,,,,,,
65,4a Divisione Alpina GL,4a Divisione Alpina G.L.,4a divisione alpina GL,,4a Divisione GL,4a divisione GL,4a Divisione G.L.,4a divisione G.L.,IV Divisione alpina GL,IV divisione alpina GL,IV Divisione,,,,,,,
66,4a Divisione Alpina GL Stellina,«Divisione Giustizia e Libertà Stellina»,"IV Divisione G.L. ""Stellina""",,,,,,,,,,,,,,,
67,4a brigata d'assalto Garibaldi Sforzini,,,,,,,,,,,,,,,,,
68,5a Banda «Fratelli Caffer»,banda «Fratelli Caffer»,Banda «Fratelli Caffer»,«Fratelli Caffer»,,,,,,,,,,,,,,
69,5a Divisione G.L.,5a Divisione GL,5a divisione GL,5a divisione G.L.,V Divisione Giustizia e Libertà,5a Divisione Giustizia e Libertà,V Divisione GL,V Divisione G.L.,V divisione GL,V divisione G.L.,V GL,V G.L.,,,,,,
70,5a Divisione Garibaldi,5a divisione Garibaldi,V Divisione Garibaldi,V Divisione,,,,,,,,,,,,,,
71,5a Divisione Monferrato,5a divisione Monferrato,5a Divisione «Monferrato»,5a divisione «Monferrato»,5a Divisione Autonoma Monferrato,5a Divisione,5a «Monferrato»,5a,V divisione Monferrato,V divisione autonoma Monferrato,,,,,,,,
72,5a Divisione «Alpi»,5a divisione «Alpi»,5a Divisione Alpi,5a divisione Alpi,5a divisione «Alpi-Mondovì»,,,,,,,,,,,,,
73,5a divisione Alpenjäger,,,,,,,,,,,,,,,,,
74,5° Alpini,5° Reggimento Alpini,,,,,,,,,,,,,,,,
75,6a Banda «Antonio Catania»,banda «A. Catania»,6a Banda «A. Catania»,,,,,,,,,,,,,,,
76,6a Divisione «Asti»,6a divisione «Asti»,divisione «Asti»,Divisione Asti,divisione Asti,6a divisione,6° Divisione Alpina,6a Divisione,,,,,,,,,,
77,6a Divisione «Garibaldi»,6a divisione «Garibaldi»,6a Divisione Garibaldi,6a divisione Garibaldi,6a Divisione,6a divisione,,,,,,,,,,,,
78,74° Battaglione Stranieri,74° Btg. Stranieri,,,,,,,,,,,,,,,,
79,75° corpo d'armata,75° corpo d'armata tedesco,,,,,,,,,,,,,,,,
80,7a Banda Giustizia e Libertà,,,,,,,,,,,,,,,,,
81,80a brigata,,,,,,,,,,,,,,,,,
82,8a Divisione Garibaldi,8a divisione Garibaldi,8a Divisione «Garibaldi»,8a divisione «Garibaldi»,,,,,,,,,,,,,,
83,90a Divisione corazzata,90a Divisione Corazzata,90. Panzergranadier-Division,90a Panzer-Grenadier-Division,90a divisione granatieri corazzata,,,,,,,,,,,,,
84,9a Divisione Garibaldi,9a divisione Garibaldi,9a Divisione «Garibaldi»,9a divisione «Garibaldi»,,,,,,,,,,,,,,
85,Allied Military Government,AMG,,,,,,,,,,,,,,,,
86,Alpenjäger,alpenjäger,alpenjager,Alpenjager,Alpenjaeger,,,,,,,,,,,,,
87,Associazione Militare Italia Libera,AMIL,A.M.I.L.,Amil,A.m.i.l.,,,,,,,,,,,,,
88,"Banda ""M. Baccon""",,,,,,,,,,,,,,,,,
89,Banda Iosina,banda Iosina,banda Josina,Banda Josina,brigata Iosina,«Iosina»,,,,,,,,,,,,
90,Battaglione Aosta,battaglione Aosta,"Battaglione ""Aosta""","battaglione ""Aosta""",Battaglione «Aosta»,battaglione «Aosta»,«Aosta»,Aosta,,,,,,,,,,
91,Battaglione Bassano,battaglione Bassano,"Battaglione ""Bassano""","battaglione ""Bassano""",Battaglione «Bassano»,«Bassano»,Bassano,,,,,,,,,,
92,Battaglione «Leonessa»,battaglione «Leonessa»,Gruppo corazzato «Leonessa»,gruppo corazzato «Leonessa»,Leonessa,,,,,,,,,,,,,
93,"Brigata ""Beppe Milano""",brigata autonoma «Beppe Milano»,«Beppe Milano»,,,,,,,,,,,,,,,
94,Brigata Belbo,brigata Belbo,Brigata «Belbo»,brigata «Belbo»,,,,,,,,,,,,,,
95,Brigata Bisalta,brigata Bisalta,"Brigata ""Bisalta""","brigata ""Bisalta""",Brigata «Bisalta»,brigata «Bisalta»,brigata Bisalta GL Beppe Lerda,Brigata Bisalta GL Beppe Lerda,brigata Beppe Lerda,"brigata ""Beppe Lerda""",brigata «Beppe Lerda»,Brigata Bisalta G.L. «Beppe Lerda»,,,,,,
96,Brigata Carlo Rosselli,Brigata «Carlo Rosselli»,brigata Carlo Rosselli,brigata «Carlo Rosselli»,Brigata Rosselli,brigata Rosselli,brigata «Rosselli»,brigata Valle Stura,«Rosselli»,Brigata Valle Stura «C. Rosselli»,Rosselli,Brigata G.L. «C. Rosselli»,«C. Rosselli»,Brigata ""Valle Stura"",,,,
97,Brigata Corsaglia,brigata Corsaglia,,,,,,,,,,,,,,,,
98,"Brigata Garibaldi ""Severino""",,,,,,,,,,,,,,,,,
99,Brigata Matteotti «R. Cattaneo»,,,,,,,,,,,,,,,,,
100,Brigata Matteotti «Saluzzo»,"Brigata Matteotti ""Saluzzo""",Brigata «Saluzzo»,Brigata Saluzzo,,,,,,,,,,,,,,
101,Brigata Monte Assietta,«Monte Assietta»,"Brigata ""Assietta""",,,,,,,,,,,,,,,
102,Brigata Val Chisone,brigata Val Chisone,Brigata «Val Chisone»,brigata «Val Chisone»,,,,,,,,,,,,,,
103,Brigata Valle Bormida,brigata Valle Bormida,Brigata «Valle Bormida»,brigata «Valle Bormida»,,,,,,,,,,,,,,
104,Brigata Valle Gesso,brigata Valle Gesso,,,,,,,,,,,,,,,,
105,Brigata Valle Grana,brigata Valle Grana,Brigata Valgrana,,,,,,,,,,,,,,,
106,Brigata Valle Maira,brigata Valle Maira,brigata Val Maira,,,,,,,,,,,,,,,
107,Brigata Valle Uzzone,brigata Valle Uzzone,Brigata «Valle Uzzone»,brigata «Valle Uzzone»,,,,,,,,,,,,,,
108,Brigata Valpesio,brigata Valpesio,Valpesio,«Valpesio»,,,,,,,,,,,,,,
109,Brigata «Alba»,brigata «Alba»,Brigata Alba,brigata Alba,,,,,,,,,,,,,,
110,Brigata «Amendola»,brigata «Amendola»,Brigata Amendola,brigata Amendola,,,,,,,,,,,,,,
111,Brigata «Asti»,brigata «Asti»,Brigata Asti,brigata Asti,,,,,,,,,,,,,,
112,Brigata «Bra»,brigata «Bra»,Brigata Bra,brigata Bra,,,,,,,,,,,,,,
113,Brigata «Canale»,brigata «Canale»,Brigata Canale,brigata Canale,,,,,,,,,,,,,,
114,Brigata «Guerriero»,brigata «Guerriero»,Brigata Guerriero,brigata Guerriero,,,,,,,,,,,,,,
115,Brigata «Jervis»,brigata «Jervis»,Brigata Jervis,brigata Jervis,,,,,,,,,,,,,,
116,Brigata «Jouvenal»,brigata «Jouvenal»,Brigata Jouvenal,brigata Jouvenal,,,,,,,,,,,,,,
117,Brigata «Langhe ovest»,brigata «Langhe ovest»,Brigata Langhe ovest,brigata Langhe ovest,Langhe ovest,,,,,,,,,,,,,
118,Brigata «Monte Albergian»,brigata «Monte Albergian»,Brigata Monte Albergian,brigata Monte Albergian,,,,,,,,,,,,,,
119,Brigata «Rolando Besana»,brigata «Rolando Besana»,brigata Besana,Brigata G.L. Rolando Besana,Brigata G.L. Besana,Rolando Besana,brigata Valle Varaita,Brigata Valle Varaita,brigata GL di Valle Varaita,Besana,,,,,,,
120,Brigata «Santorre di Santarosa»,brigata «Santorre di Santarosa»,Brigata Santorre di Santarosa,brigata Santorre di Santarosa,,,,,,,,,,,,,,
121,Brigata «Val Casotto»,brigata «Val Casotto»,«Val Casotto»,Brigata Val Casotto,brigata Val Casotto,XV «Val Casotto»,,,,,,,,,,,,
122,Brigata «Val Dora»,brigata «Val Dora»,Brigata Val Dora,brigata Val Dora,Brigata autonoma Val Dora,,,,,,,,,,,,,
123,Brigata «Val Germanasca»,brigata «Val Germanasca»,,,,,,,,,,,,,,,,
124,Brigata «Val Mongia»,brigata «Val Mongia»,«Val Mongia»,Brigata Val Mongia,brigata Val Mongia,XIV «Val Mongia»,,,,,,,,,,,,
125,Brigata «Val Tanaro»,brigata «Val Tanaro»,«Val Tanaro»,Brigata Val Tanaro,brigata Val Tanaro,XIII «Val Tanaro»,,,,,,,,,,,,
126,Brigate Internazionali,,,,,,,,,,,,,,,,,
127,Brigate Nere,Brigate nere,brigate nere,Brigata Nera,Brigata nera,BN,,,,,,,,,,,,
128,Brigate Nere «Ather Cappelli»,Brigate Nere «Ather Capelli»,«Ather Cappelli»,«Ather Capelli»,brigata nera Ather Capelli,Ather Capelli,"I Brigata Nera ""Ather Capelli""",,,,,,,,,,,
129,CLN,C.L.N.,Cln,Comitato di Liberazione Nazionale,,,,,,,,,,,,,,
130,CLNAI,C.L.N.A.I.,Comitato di Liberazione Nazionale dell'Alta Italia,Comitato di Liberazione Nazionale Alta Italia,,,,,,,,,,,,,,
131,CLNRP,C.L.N.R.P.,Comitato di Liberazione Nazionale Regionale Piemontese,Cln Regionale Piemontese,CLN piemontese,C.L.N. piemontese,Comitato di Liberazione Nazionale del Piemonte,C.L.N. regionale piemontese,C.L.N.R.,CLN regionale,CLNP,C.L.N.P.,,,,,,
132,CMRP,C.M.R.P.,Comitato Militare Regionale Piemontese,Comando militare regionale piemontese,Comando militare piemontese,comando militare piemontese,Cmrp,Comitato Militare,Comando regionale piemontese,Comando Regionale Militare Piemontese,,,,,,,,
133,CSIR,C.S.I.R.,Corpo di spedizione italiano in Russia,Corpo di Spedizione Italiano in Russia,,,,,,,,,,,,,,
134,CVL,C.V.L.,Corpo Volontari della Libertà,Cvl,,,,,,,,,,,,,,
135,Cacciatori degli Appennini,cacciatori degli Appennini,,,,,,,,,,,,,,,,
136,Cartiere Burgo,Cartiera Burgo,Burgo,,,,,,,,,,,,,,,
137,Colonna F. Dusi,,,,,,,,,,,,,,,,,
138,Comando Piazza,
139,Compagnia Rivendicazione Caduti,1a Compagnia Rivendicazione Caduti,,,,,,,,,,,,,,,,
140,Cotonificio Val di Susa,,,,,,,,,,,,,,,,,
141,Croce Rossa,,,,,,,,,,,,,,,,,
142,DC,D.C.,Democrazia Cristiana,,,,,,,,,,,,,,,
143,DICAT,D.I.C.A.T.,Milizia per la difesa aerea territoriale,Dicat,,,,,,,,,,,,,,
144,"Divisione Alpina Autonoma ""Val Chisone""",,,,,,,,,,,,,,,,,
145,"Divisione Autonoma ""Val Dora""",,,,,,,,,,,,,,,,,
146,Divisione Autonoma Val Sangone,,,,,,,,,,,,,,,,,
147,Divisione Celere «Emanuele Filiberto Testa di Ferro»,,,,,,,,,,,,,,,
148,Divisione Littorio,divisione Littorio,Divisione «Littorio»,divisione «Littorio»,"Divisione ""Littorio""","divisione ""Littorio""",«Littorio»,Littorio,Littorio,,,,,,,,,
149,Divisione Monterosa,divisione Monterosa,Divisione «Monterosa»,divisione «Monterosa»,"Divisione ""Monterosa""","divisione ""Monterosa""",«Monterosa»,Monterosa,Monterosa,«Monte Rosa»,,,,,,,,
150,Divisione autonoma «Sergio de Vitis»,,,,,,,,,,,,,,,,,
151,Divisioni «R»,divisioni «R»,Divisioni R,divisioni R,Gruppo divisioni R,Gruppo divisioni «R»,,,,,,,,,,,,
152,EIAR,Ente Italiano per le Audizioni Radiofoniche,E.I.A.R.,,,,,,,,,,,,,,,
153,FFI,Forces françaises de l'intérieur,Forces Françaises de l'intérieur,Forces Françaises de l'Intérieur,F.F.I.,ffi,f.f.i.,,,,,,,,,,,
154,FIAT,F.I.A.T.,Fiat,,,,,,,,,,,,,,,
155,FLAK,Flak,Flugabwehrkanone,,,,,,,,,,,,,,,
156,Ferriere FIAT,,,,,,,,,,,,,,,,,
157,Forces françaises libres,Forze Francesi Libere,FFL,F.F.L.,Ffl,ffl,,,,,,,,,,,,
158,GAF,GaF,G.A.F.,Guardia alla Frontiera,,,,,,,,,,,,,,
159,GAP,G.A.P.,Gruppi di Azione Patriottica,Gruppi di azione patriottica,Gap,,,,,,,,,,,,,
160,GL,Giustizia e Libertà,G.L.,gielle,Gielle,gl,Gl,,,,,,,,,,,
161,GNR,G.N.R.,Guardia Nazionale Repubblicana,Guardia Nazionale,,,,,,,,,,,,,,
162,GURN,G.U.R.N.,Gruppo Unitario di Rinnovamento Nazionale,,,,,,,,,,,,,,,
163,Geheime Staatspolizei,Gestapo,,,,,,,,,,,,,,,,
164,Governo Badoglio,governo Badoglio,Governo di Badoglio,governo di Badoglio,,,,,,,,,,,,,,
165,Groupement Alpin Sud,,,,,,,,,,,,,,,,,
166,Gruppi Universitari Fascisti,Gruppi universitari fascisti,G.U.F.,GUF,Guf,,,,,,,,,,,,,
167,Gruppi di Difesa della Donna,Gruppi di Difesa,Gruppi di difesa,gruppi di difesa della donna,gruppi di difesa,Gruppi difesa,,,,,,,,,,,,
168,"Gruppo ""Vicenza""","gruppo ""Vicenza""",Gruppo «Vicenza»,gruppo «Vicenza»,gruppo Vicenza,Gruppo Vicenza,,,,,,,,,,,,
169,Gruppo Mobile Operativo,GMO,gmo,G.M.O.,,,,,,,,,,,,,,
170,I Raggruppamento Divisioni G.L. «Duccio Galimberti»,,,,,,,,,,,,,,,,,
171,I banda della Val Maira,I banda della Valle Maira,I banda Valle Maira,I banda Val Maira,I banda di Valle Maira,,,,,,,,,,,,,
172,I banda della Valle Stura,I banda di Valle Stura,I banda Valle Stura,,,,,,,,,,,,,,,
173,I banda di Valle Varaita,,,,,,,,,,,,,,,,,
174,I brigata Belbo,,,,,,,,,,,,,,,,,
175,II Battaglione RAP,,,,,,,,,,,,,,,,,
176,II banda GL,II banda,,,,,,,,,,,,,,,,
177,II brigata Belbo,,,,,,,,,,,,,,,,,
178,II brigata Canale,,,,,,,,,,,,,,,,,
179,III brigata Asti,,,,,,,,,,,,,,,,,
180,ISLAFRAN,Islafran,I.SLA.FRAN.,,,,,,,,,,,,,,,
181,IV banda di Valle Stura,IV banda,,,,,,,,,,,,,,,,
182,Italia Libera,«Italia libera»,banda «Italia libera»,Banda "Italia Libera",,,,,,,,,,,,,,
183,Legione Autonoma Mobile Ettore Muti,Legione Autonoma Ettore Muti,Legione Autonoma «Ettore Muti»,Legione autonoma «Ettore Muti»,Legione «Ettore Muti»,«Ettore Muti»,«Muti»,Muti,,,,,,,,,,
184,Legione Speer,Legion Speer,Brigata Speer,,,,,,,,,,,,,,,
185,Luftwaffe,,,,,,,,,,,,,,,,,
186,Missione Charterhouse,missione Charterhouse,Missione «Charterhouse»,missione «Charterhouse»,«Charterhouse»,,,,,,,,,,,,,
187,Mouvement Républicain Populaire,,,,,,,,,,,,,,,,,
188,Movimento Femminile Giustizia e Libertà,,,,,,,,,,,,,,,,,
189,Movimento Unitario di Rinnovamento Italiano,Movimento unitario di rinnovamento italiano,M.U.R.I.,MURI,,,,,,,,,,,,,,
190,OSS,O.S.S.,Office of Strategic Services,Office of strategic services,,,,,,,,,,,,,,
191,Officine Riv,officine RIV,Officine RIV,officine Riv,RIV,R.I.V.,Riv,,,,,,,,,,,
192,Organizzazione Franchi,organizzazione Franchi,«La Franchi»,«Franchi»,,,,,,,,,,,,,,
193,Organizzazione Otto,organizzazione Otto,organizzazione «Otto»,«Otto»,,,,,,,,,,,,,,
194,Organizzazione Todt,organizzazione Todt,Organizzazione TODT,organizzazione TODT,Todt,TODT,,,,,,,,,,,,
195,Organizzazione per la Vigilanza e la Repressione dell'Antifascismo,O.V.R.A.,OVRA,,,,,,,,,,,,,,,
196,PAI,Polizia Africa Italiana,Polizia dell'Africa Italiana,,,,,,,,,,,,,,,
197,PCI,P.C.I.,pci,Pci,Partito Comunista Italiano,Partito Comunista d'Italia,Partito comunista,,,,,,,,,,,
198,PFR,P.F.R.,Pfr,Partito Fascista Repubblicano,,,,,,,,,,,,,,
199,PNF,P.N.F.,Pnf,Partito Nazionale Fascista,Partito fascista,,,,,,,,,,,,,
200,PSI,P.S.I.,Psi,Partito Socialista Italiano,,,,,,,,,,,,,,
201,Partito Comunista Francese,partito comunista francese,PCF,P.C.F.,,,,,,,,,,,,,,
202,Partito Liberale,partito liberale,P.L.I.,PLI,Pli,,,,,,,,,,,,,
203,PdA,Pda,Partito d'azione,Partito d'Azione,,,,,,,,,,,,,,
204,Psychological Warfare Bureau,psychological warfare bureau,PWB,pwb,P.W.B.,p.w.b.,,,,,,,,,,,,
205,RAF,R.A.F.,Royal Air Force,,,,,,,,,,,,,,,
206,RAP,R.A.P.,Raggruppamento Anti Partigiani,,,,,,,,,,,,,,,
207,RAU,R.A.U.,Reparti Arditi Ufficiali,,,,,,,,,,,,,,,
208,RSI,R.S.I.,rsi,Repubblica Sociale Italiana,Repubblica Sociale,governo di Salò,Governo di Salò,repubblica di Salò,Repubblica di Salò,,,,,,,,,
209,Radio Algeri,,,,,,,,,,,,,,,,,
210,Radio Londra,,,,,,,,,,,,,,,,,
211,Radio Monaco,,,,,,,,,,,,,,,,,
212,Reggimento «Nizza Cavalleria»,«Nizza Cavalleria»,Nizza Cavalleria,,,,,,,,,,,,
213,Regio Esercito Italiano,Regio Esercito,R.E.,R. Esercito,R. E.,R.Esercito,,,,,,,,,,,,
214,SAP,S.A.P.,Squadre di azione patriottica,Squadre di Azione Patriottica,Squadre di Azione Partigiana,,,,,,,,,,,,,
215,SD,Sicherheitsdienst,,,,,,,,,,,,,,,,
216,SIM,Servizio Informazioni Militare,,,,,,,,,,,,,,,,
217,SIP,S.I.P.,Servizio Informazioni Partigiano,,,,,,,,,,,,,,,
218,SNOS,S.N.O.S.,Società Nazionale Officine di Savigliano,,,,,,,,,,,,,,,
219,SS,S.S.,s.s.,Schutzstaffel,,,,,,,,,,,,,,
220,Servizio I,,,,,,,,,,,,,,,,,
221,Servizio X,,,,,,,,,,,,,,,,,
222,Soccorso Rosso,,,,,,,,,,,,,,,,,
223,Special Air Service,SAS,,,,,,,,,,,,,,,,
224,Tribunale Speciale per la difesa dello Stato,Tribunale Speciale,,,,,,,,,,,,,,,,
225,UPI,U.P.I.,Ufficio Politico Investigativo,Upi,,,,,,,,,,,,,,
226,V Brigata Nera Lidonnici,Brigata Nera «Lidonnici»,«Lidonnici»,Lidonnici,brigata nera Lidonnici,,,,,,,,,,,,,
227,VIII Brigata Nera Resega,Brigata Nera «Resega»,«Resega»,brigata nera Resega,,,,,,,,,,,,,,
228,Wehrmacht,,,,,,,,,,,,,,,,,
229,X Mas,Decima Mas,Decima Flottiglia Mas,X Flottiglia Mas,X MAS,,,,,,,,,,,,,
230,XIV Brigata Nera Alfieri,Brigata Nera «Alfieri»,«Alfieri»,,,,,,,,,,,,,,,
231,XIV Corpo d'Armata tedesco Goering,,,,,,,,,,,,,,,,,
232,XX brigata di pianura GL,XX brigata di pianura,,,,,,,,,,,,,,,,
233,"banda ""Pradleves""",,,,,,,,,,,,,,,,,
234,battaglione «Cadore»,,,,,,,,,,,,,,,,,
235,battaglione «Leonardo Cocito»,"Battaglione ""Leonardo Cocito""",Battaglione «Cocito»,,,,,,,,,,,,,,,
236,brigata Ellero,Brigata Ellero,,,,,,,,,,,,,,,,
237,brigata Maudagna,Brigata Maudagna,,,,,,,,,,,,,,,,
238,brigata SAP Carando,brigata S.A.P. Carando,brigata «sappista» Carando,Brigata Carando,,,,,,,,,,,,,,
239,brigata Savona,Brigata Savona,,,,,,,,,,,,,,,,
240,brigata Val Pesio,,,,,,,,,,,,,,,,,
241,brigata nera Attilio Prato,,,,,,,,,,,,,,,,,
242,brigata «Bruno Buozzi»,,,,,,,,,,,,,,,,,
243,divisione «Prinz Eugen»,7. SS-Gebirgsdivision Prinz Eugen,Divisione «Prinz Eugen»,,,,,,,,,,,,,,,
244,gruppo Canale,,,,,,,,,,,,,,,,,
245,gruppo «San Giorgio»,Divisione S. Giorgio,banda «Odino - S. Giorgio»,Banda Odino - S. Giorgio,Banda Odino S. Giorgio,brigata «G. Odino»,«Odino»,,,,,,,,,,,
