1,,,Umberto di Savoia
2,,,Ante
3,,,Ancona
4,,,Aquila
5,,,Biasin
6,,,Carrista
7,,,Cannone
8,,,Condottiero
9,,,Bill
10,,,Camoscio
11,,,Carco
12,,,Cecco
13,,,Diavolo
14,,,Dori
15,,,Genova
16,,,Lili Marlen
17,,,Pippetto
18,,,Pittore
19,,,Scintilla
20,,,Teja
21,,,Zucca
22,,,Vittorio Emanuele III di Savoia
23,,,Tempesta
24,,,Aimé
25,,,Gioni
26,,,Scipione
27,,,Turno
28,,,Vipo
29,,,Wassili
30,,,Pace
31,Abaskin,Ivan,
32,Abate,Delmo,Binda
33,Abate Daga,Giovanni,
34,Abba,Giulio Cesare,
35,Abbà,Giovanni,Gioanin
36,Abello,Mario,
37,Abruzzese,Mario,Romanino
38,Accame,Antioco,
39,Accardo,Raffaele,
40,Acchiardi,Antonio,Nini
41,Acchiardo,Giuseppe,Notu
42,Acchiardo,Lorenzo,Lorensin
43,Acchiardo,Margherita,
44,Aceto,Ezio,
45,Adami,Adriano,Pavan
46,Adami,Giuseppe,
47,Adami Rossi,Enrico,
48,Agati,Luigi,
49,Aghemo,Oreste,
50,Agliatte,Angelo,
51,Agnese,Antonio,
52,Agosta Del Forte,Adriano,
53,Agosti,Giorgio,Filippo
54,Agosti,Tito,
55,Agù,Costanzo,
56,Aiello,Domenico,Esculapio
57,Aimar,Caterina,Nin
58,Aimar,Albina,Rina
59,Aime,Angelo,Giovanni
60,Aime,Antonio,
61,Aime,Giovanni Battista,Tino
62,Aimo,Giuseppe,
63,Aimo,Maria,Cloto
64,Aimo,Renato,Ajmo
65,Aimo,Sergio,
66,Ainardi,Giovanni,
67,Ajroldi,Giuseppe,
68,Albano,Dina,
69,Albarello,Giuliano,Cien
70,Albertazzi,Marcello,Barba
71,Albertelli,Giacomo,
72,Albertengo,Fortunato,Nato
73,Alberti,Ippolito,
74,Albinolo,Riccardo,
75,Alciator,,
76,Alcmani,Dante,
77,Aleo,Vito,
78,Alessandria,Giuseppe,Deli
79,Alexander,Harold,
80,Alfano,Mario,
81,Alfonso,Giuseppe,
82,Allain,George,
83,Allario,Attilio,
84,Allario,Ernesto,
85,Allasino,Luigi,Paolo
86,Allegro,Cesare,
87,Allemandi,Pietro,
88,Alliata,,
89,Alliaud,Alessandro,
90,Allinio,Angelo,
91,Allione,Attilio,
92,Allione,Tarcisio,
93,Aloisio,Bianca,Stefania
94,Alpozzi,Gino,
95,Alpron,Sergio,Gabbia
96,Altare,Guido,
97,Altieri,Camillo,
98,Altstatter,Peter,
99,Alvazzi,Alessio,
100,Alvazzi,Cesare,
101,Amato,Vittorio,Edo
102,Ambrino,Carlo,Negro
103,Amerio,Mario,
104,Amparola,Giovanni,
105,Amparole,Giovanni,Pantera
106,Anacar,Giuseppe,Beppe
107,Anchisi,Tommaso,Tom
108,Anders,Vladislaw,
109,Andreietto,Giorgio,
110,Andreis,Angelo,Angelini
111,Andreis,Lea,
112,Andreis,Mario,
113,Andreone,Felice,
114,Andriano,Carlo,
115,Anglesio,Francesco,
116,Anitrini,Nicola,
117,Antonelli,Mimmo,
118,Antonicelli,Franco,
119,Antonio,Bruno,
120,Antoniol,Gino Agostino,
121,Antonioli,,
122,Antoniotti,Egidio,
123,Appiano,Marcello,Celin
124,Aquino,Arturo Enrico,
125,Arcamore,Stelio,
126,Ardito,Pietro,Veloce
127,Ardu,Mario,
128,Arduini,Ernesto,
129,Arduino,Vera,
130,Argento,Bernardo,
131,Ariolfo,Giovanni,Giuanin
132,Arlaud,Fulvio,
133,Armando,Domenico,
134,Armando,Giovanni,
135,Armando,Rolando,
136,Arnera,Aldo,
137,Arnulfo,Enrico,
138,Arossa,Dario,Caccia
139,Arpi,Walter,
140,Artom,Emanuele,Ansaldi
141,Artom,Bruno,
142,Artusio,Luigi,
143,Asinari,Carlo,Molare
144,Asnaghi,Carlo,
145,Asteggiano,Giovanni,Giannetto
146,Astegiano,Alfredo,
147,Astegiano,Battista,
148,Astengo,Augusto,
149,Astengo,Puni,
150,Astengo,Sergio,
151,Astengo,Giacomo,Mimmo
152,Atti,Bruno,
153,Aubert,Emil,
154,Audino,Antonio,
155,Audisio,Antonio,
156,Audisio,Giovanni Battista,
157,Avagnina,Bartolomeo,
158,Avagnina,Antonio,Tonio
159,Aventino,Pace,
160,Avetta,Rinaldo,
161,Avidano,Vittorio,
162,Avogadro,Alessandro,Ciccio
163,Avondet,Edmondo,
164,Avoni,Mario,
165,Avrano,Nicola,
166,Azzalin,Armando,
167,Azzalin,Dario,Bruno
168,Babbel,,
169,Baccalario,Carlo,
170,Baccon,Massimino,
171,Badoglio,Pietro,
172,Baer,,
173,Bagnasco,Vincenzo,
174,Bagnis,Emilio,
175,Baile,Giovanni,Nino
176,Balassi,Gian Pietro,G. P.
177,Balbo,Emilio,
178,Balbo,Giovanni,Pinin
179,Balbo,Piero,Poli
180,Balbo,Adriano,Giorgio
181,Balbo,Claudina,
182,Balbo,Umberto,
183,Balbo,Cesco,
184,Balbo,Luigi,Ercole
185,Balbo,Angiolina,
186,Balcet,Mario,
187,Baldissone,Michele,
188,Baldovino,Settimio,
189,Baldovino,Giovanni,
190,Baldovino,Maria,
191,Baldracco,Franco,
192,Balduzzi,Ottorino,
193,Balestrero,Carlo Agostino,
194,Balestri,Secondo,Biagio
195,Ballard,Edward,
196,Ballario,Giovanni Battista,Polenta
197,Ballatore,Bartolomeo,
198,Ballauri,Carlo,Carlo di Mondovì
199,Ballauri,Felice,
200,Ballerini,Danilo,
201,Ballerini,Angelo,
202,Ballestrieri,Michele,Bruno
203,Ballotta,Luigi,Pronti
204,Balmas,Enrico,
205,Balocco,Gino,
206,Banaudi,Edoardo,
207,Banderali,Riccardo,Nicola
208,Bandi,Giuseppe,
209,Banfi,Arialdo,Momi
210,Banfo,Salvatore,
211,Banks,,
212,Bano,Angelo,
213,Barabino,,
214,Baracchini,Lidio,Mario
215,Baracchinio,Lidio,Mario
216,Baracco,Gino,Colombino
217,Baracco,Stefano,Steu
218,Baracco,Giuseppe,
219,Barai,Adolfo,
220,Barai,Severino,
221,Barale,Angelo,
222,Barale,Domenico,
223,Barale,Giorgio,
224,Barale,Giovanni,Barale senior
225,Barale,Massimino,
226,Barale,Spartaco,Barale junior
227,Barale,Vincenzo,
228,Barale,Giuseppe,
229,Baralis,Luca,Fabrizio
230,Baratti,Angelo,
231,Baratti,Celestino,Tino
232,Baravaglio,Piero,Lupo
233,Baravalle,Maria,Lea
234,Barbato,Pasquale,
235,Barberis,Luigi,Bianchi
236,Barberis,Anna,
237,Barberis,Pierino,Tiro
238,Barbero,Battista,Barbarossa
239,Barbero,Biagio,
240,Barbero,Carlo,Carlin
241,Barbero,Giacomo,
242,Barbero,Giovanni,
243,Barbero,Ottavio,Otto
244,Barbesino,Piero,
245,Barbò,Guglielmo,
246,Bardassa,,
247,Barello,Silvio,
248,Baret,Guido,
249,Baricalla,Ludovico Cesare,Franco
250,Baridon,Silvio,
251,Barolo,Gino,
252,Barral,Severino,
253,Barreri,Chiaffredo,Tormenta
254,Bartoli,,
255,Bartolomei,Giuliano,
256,Barzini,Pier Angelo,Piero
257,Basca,Giulia,
258,Bascheri,Stefano,
259,Bassani,Enrico,
260,Bassignana,Mario,
261,Bassignana,Lidio,
262,Bassignana,Bernardino,Dino
263,Basso,Giuseppe,
264,Basso,Anna,
265,Basso,Egidio,
266,Basso,Emma,
267,Basso,Leopoldo,
268,Basso,Aurelio,
269,Bastia,Renzo,Ivan
270,Batkowski,Andrea,
271,Batkowski,Zygmunt,
272,Battaglia,Roberto,
273,Battaglino,Cesare,Cege
274,Battaglino,Giovanni,
275,Battaglino,Eugenio,
276,Battagliotti,Leonida,Ettore
277,Battisti,Emilio,
278,Battistini,Mario,Luigi
279,Battistino,Mario,
280,Bau,Carlo,
281,Bauchiero,,
282,Baudino,Erio,
283,Baudrino,Cesare,Montecristo
284,Baum,Drago,
285,Bausano,Giulio,
286,Bava,Carlo,Cireneo
287,Bazzana,Gigi,
288,Bazzana,Felice,Licin
289,Bazzanini,Armando,Franco
290,Bazzanini,Ermes,Ezio
291,Bazzano,Gigi,
292,Beata,Carlo,
293,Beccaria,Lidia,
294,Beccaria,Piero,
295,Beccaria,Giovanni,Giovanni II
296,Beccaro,,
297,Becchio,Domenico,Menico
298,Becchio,Giovanni,Zambo
299,Beggiato,Luigi,
300,Beghi,Catullo,
301,Bekolzner,Pietro,Six
302,Bell,Irving,
303,Bella,Guido,
304,Bella,Massimo,Max
305,Bellegrandi,Nino,Annibale
306,Bellero,Francesco,Gris
307,Belliardi,Chiaffredo,Ciaffré
308,Bellini,Ilario,Ilo
309,Bellino,Ivanoe,Ivano
310,Bellino,Maurilio,Mauro
311,Bellino,Pietro,Piero
312,Bellino,Angelo,
313,Bellocchio,Lorenzo,Maginot
314,Bellone,Sergio,Bruno il Dinamitardo
315,Bellone,Sergio,Guido Reni
316,Bellone,Cesare,
317,Belloni,Sergio,Claudio
318,Bellotto,Arturo,
319,Bellotto,Cirano,Osiglia
320,Belluomini,Giovanni,
321,Belmondo,Giulio,
322,Beltrami,Pietro,
323,Beltramo,Andrea,Drea
324,Beltramo,Giovanni,Brich
325,Beltramo,Luciano,Guy
326,Beltramo,Lucia,
327,Beltramone,Tommaso,
328,Beltrandi,Silvio,
329,Beltrando,Giovanni,Nino
330,Belviso,Alessandro,
331,Benazzi,Ugo,
332,Benedetti,Mario,
333,Benedetto,Daniele,
334,Benedetto,Elena,
335,Benedetto,Mario,
336,Benelli,Antonio,
337,Benetto,Daniele,
338,Benevelli,Aldo,
339,Benso,Romualdo,
340,Benyr,Fredy,
341,Beoletto,Giovanni,Beo
342,Berardengo,Italo,Bertero
343,Berardinone,Enrico,Francesco
344,Berardinone,Pietro,
345,Berardo,Giovanni,
346,Berbotto,Matteo,
347,Beretta,Antonio,von Stuck
348,Berga,Ugo,
349,Bergero,Antonio,
350,Berghes,,Kocker
351,Bergia,Giuseppe,
352,Bernardi,Angelo,
353,Bernardi,Basilio,
354,Bernardi,Giovanni,
355,Bernardi,Giuseppe,Alfonso
356,Bernardi,Pietro,Pietrone
357,Bernardi,Stefano,
358,Bernardi,Natale,
359,Bernardi,Giuseppe,
360,Bernieri,Bruno,
361,Berno,Erpidio,
362,Berra,Alfredo,
363,Berra,Federico,Rico
364,Berra,Michelangelo,Mike
365,Berra,Luigi,
366,Berruti,Giovanni,
367,Bert,Gino,
368,Bert,Gioachino Giovanni,
369,Bert,Paolo,
370,Berta,Giuseppe,Moretto
371,Bertaina,Giovanni,Nanni
372,Bertaina,Giuseppe,Leo
373,Bertaina,Mario,
374,Bertalotto,Elsa,
375,Bertalotto,Romano,
376,Bertalotto,Giovanni,
377,Bertene,Pietro,
378,Bertetto,Giorgio,
379,Bertini,Aldo,
380,Bertocchio,Alberto,
381,Bertocchio,Dante,
382,Bertola,Bartolomeo,
383,Bertola,Clemente,
384,Bertola,Giuseppe,
385,Bertola,Vittorio,
386,Bertola,Antonio,Toni
387,Bertoldo,Antonio,Toni
388,Bertolini,Anna,
389,Bertolini,Mitesa,
390,Bertolino,Stella,
391,Bertolino,Monique,
392,Bertolino,Giovanni,
393,Bertolino,Felice,
394,Bertolone,Pietro,
395,Bertolotti,Rodolfo,
396,Bertolotto,Dante,
397,Bertolotto,Lazzarino,
398,Bertolotto,Romano,
399,Bertone,Luigi,Mario
400,Bertone,Nino,
401,Bertone,Pietro,
402,Bertone,Sergio,
403,Bertotto,Giulio,
404,Bertrand,Carlo,Carletto
405,Bertrando,Mario,
406,Berutti,Luciano,
407,Berutti,Ilario,
408,Besana,Rolando,
409,Besson,Arturo,Trentin
410,Besson,Ezio,
411,Bessone,Bartolomeo,Ivanovic
412,Bessone,Giovanni,Virgilio
413,Bessone,Giulio,
414,Bessone,Romano,
415,Bessone,Antonietta,
416,Bewkey,Edward,Betts
417,Bey,Cesare,
418,Bezzuti,Luigi,Gino
419,Biagioni,Luigi,
420,Biamino,Mario,Biella
421,Bianchi,Augusto,Moro
422,Bianciotto,Dario,
423,Bianco,Alberto,
424,Bianco,Angela,
425,Bianco,Dante Livio,Livio
426,Bianco,Federico,
427,Bianco,Giuseppe,
428,Bianco,Massimo,
429,Bianco,Mauro,
430,Bianco,Pinella,
431,Bianco,Rosa,
432,Bianco,Tullio,
433,Bianco,Mario,
434,Bianco,Peppe,
435,Biancotto,Guido,
436,Biglia,Antonio,Remo
437,Biglia,Battista,Romolo
438,Biglia,Dario,
439,Biglino,Franco,
440,Biglione,Giuseppe,Polifemo
441,Bima,Luigi,
442,Bindello,Luigi,Pitros
443,Binzoni,Alfredo,Ovidio
444,Biondillo,,
445,Bisotti,Sergio,
446,Bisotto,Sergio,
447,Bivione,Giuseppe,
448,Blais,Mario,
449,Blanchard,Léonard,Hamilton
450,Blanchi di Roascio,Roberto,
451,Blandino,Domenico,Slim
452,Blangetti,Giovanni Battista,
453,Blangetti,Tommaso,
454,Blengino,Mario,Mario B
455,Bloch,Marc,
456,Bo,Lino,
457,Boarino,Stefano,Morgan
458,Bobba,Guido,
459,Bobbio,Armando,
460,Bobbio,Augusto,Tino
461,Bobbio,Norberto,
462,Bocca,Angiolino,
463,Bocca,Giorgio,
464,Boccalatte,Luciano,
465,Boccardo,Giuseppe,
466,Boccardo,Vinicio,
467,Boccolari,Mario,
468,Boella,Rinaldo,Nives
469,Boella,Mario,
470,Boella,Valerio,Walter
471,Boella,Umberto,
472,Boero,Matteo,
473,Boetto,Dante,
474,Boetto,Lucia,Balabianca
475,Boetto,Adriana,Marchesina
476,Boffa,Aldo,
477,Bogetti,Aurelio,
478,Boggia,Giorgio,Bubbo
479,Bogliolo,Mario,
480,Boidi,Piero,
481,Boido,Franco,
482,Boisson,Pino,
483,Bolaffi,Giulio,Laghi
484,Boldrino,Gregorio,
485,Boldt,,
486,Bolgiani,Luigi,
487,Bollati,Aldo,
488,Bollati,Luigetta,
489,Bologna,Paola,
490,Bologna,Armando,
491,Bolzoni,Enrico,
492,Bombelli,Piero,
493,Bona,Censo,
494,Bona,Guido,
495,Bona,Carlo,Orsi
496,Bonacina,Italo,
497,Bonademi,Dario,
498,Bonadeni,Angelo,
499,Bonaglia,,
500,Bonamico,Vanni,Sveglia
501,Bonansea,Cesare,
502,Bonavia,Domenico,
503,Bonelli,Aldo,
504,Bonelli,Nino,
505,Bonfante,Francesco,Cichino
506,Bonfiglio,Giovanni,
507,Bongiovanni,Carlo,
508,Bongiovanni,Domenico,
509,Bongiovanni,Celestino,
510,Bongiovanni,Celeste,
511,Bonino,Andrea,
512,Bonino,Giuseppe,
513,Bonino,Cesare,
514,Bonivardo,Bernardino,Dina
515,Bonivento,Corrado,Ciccio
516,Bonizzato,Bruno,
517,Bono,Andrea,Andrein
518,Bonzo,Rosa Lidia,
519,Bora,Giorgio,
520,Borca,Pietro,Pierin
521,Borca,Giovanni,Oscar
522,Borda,Sandro,
523,Bordiga,Enzo,
524,Borello,Settimo,Set
525,Borello,Stefano,
526,Borghese,Junio Valerio,
527,Borghesio,Andrea,Kocker
528,Borghino,Antonio,
529,Borghino,Caterina,
530,Borghino,Margherita,
531,Borgis,Silvio,
532,Borgna,Carlo,
533,Borgna,Alfonso,
534,Borio,Giacomo,Gallo
535,Bornengo,Guido,
536,Borney,Gianfranco,
537,Borrana,Luigi,
538,Borsarelli,Andrea,
539,Bosca,Giovanni,
540,Bosca,Settimio,Grigio
541,Boschiero,Riccardo,Riccardino
542,Bossolasco,Filippo,Pippo
543,Botasso,Serafino,
544,Botta,Alberto,Elio
545,Bottallo,Luigi,Uragano
546,Bottasso,Serafino,
547,Bottazzi,Giuseppe,
548,Botto,Italo,
549,Botto,Francesco,Biondo
550,Bottoni,Aldo,
551,Bouch,Luigi,
552,Boveri,Luigi,
553,Bovero,Ezio,
554,Bovio,Sabino,
555,Bovis,Marcel,
556,Bovo,Mario,
557,Bozzetto,Tullio,
558,Bracchi,,
559,Braccini,Paolo,
560,Bracco,Vincenzo,
561,Bracco,Michele,Michelino
562,Bracco,Giuseppe,Moro
563,Brach del Prever,Mario,
564,Brainih,Michele,
565,Bramardi,Enzo,Fede
566,Branca,Lino,
567,Brancia,Giuseppe,Cecè
568,Braun,Ernst,
569,Bravo,Felice,Lice
570,Brenth,Edward,
571,Bresler,Luigi,
572,Bretschenesider,Water,
573,Breuza,Oreste,
574,Briacca,Sebastiano,
575,Bricarello,Lincoln,
576,Briganti,Libero,Giulio
577,Brignone,Quinto,
578,Brignone,Michele,Brik
579,Brillard,Edward,
580,Brizio,Anna Maria,
581,Brizio,Benedetto,Dente
582,Broccardo,Carlo,Moretta
583,Brogowski,Tadeusz,Rumun
584,Brondello,Giuseppe,
585,Bronzo,Maria,Rosetta
586,Brosio,Cornelio,
587,Brosio,Manlio,
588,Brosio,Giuseppe,
589,Broz,Josip,Tito
590,Bruckner,Hermann,
591,Bruna,Giovanni,
592,Bruna Rosso,Bartolomeo,Franco
593,Brunello,Silvio,
594,Brunetti,Michele,Gavetta
595,Brunetto,Angelo,
596,Bruno,Aldo,Cusin
597,Bruno,Andrea,Santa Barbara
598,Bruno,Bernardino,Dino
599,Bruno,Carlo,
600,Bruno,Gian Domenico,Tom
601,Bruno,Giovanni,Merlo
602,Bruno,Kitty,Caterina
603,Bruno,Maurizio,
604,Bruno,Oreste,
605,Bruno,Michele,
606,Bruno,Enrico,
607,Bruno,Giandomenico,Tom
608,Bruno,Giuseppe,
609,Bruno,Piero,
610,Bruno,Vittorio,Claudio
611,Bruno,Antonio,
612,Bruschi,Vincenzo,Gaby
613,Bruzzone,Giovanni,Giovanni I
614,Bubbio,Teodoro,
615,Bucchioni,Guido,
616,Buffa,Paolo,Barton
617,Buffetti,Umberto,Angioletto
618,Buganè,,
619,Bugliarelli,Italo,
620,Buonaiuti,Ernesto,
621,Buozzi,Orlando,
622,Burci,Ivo,
623,Burckardt,Albert,
624,Burdese,Piero,
625,Burdese,Giovanni,
626,Burdino,Eraldo,Balestrieri II
627,Burdino,Felice,Balestrieri
628,Burdino,Giuseppina,Pina
629,Burello,Settimo,Settimo del Mango
630,Burlando,Giovanni,
631,Burzio,Gianfermo,
632,Burzio,Giovanni,
633,Burzio,Lorenzo,Renzo
634,Buscaglia,Lorenzo,
635,Busso,Felicita,
636,Busso,Maria,
637,Bussotto,Franco,
638,But,Carlo,
639,Buttafava,Francesco,Bufra
640,Buzzolan,Ugo,Ippolito
641,Cabb,Allan,
642,Cabras,Giovani,
643,Cadorna,Raffaele,Valenti
644,Cafaro,Giorgio,Aldo
645,Cafaro,Michele,Michelino
646,Cafasso,Carmine,
647,Caffa,Giorgio,Giò
648,Caffaro,Giorgio,
649,Caffer,Dario,
650,Caffer,Ezio,
651,Caffer,Felice,
652,Caffer,Mario,
653,Caiani,Andrea,
654,Calamandrei,Piero,
655,Calanca,Dino,
656,Calcagno,Mario,Fiocina
657,Caldato,Gildo,Fiera
658,Calmi,Alessandro,Sandro
659,Calmi,Giorgio,
660,Calosso,Umberto,
661,Calvi,Giovanni,
662,Camilla,Piero,
663,Campagna,Giovanni,
664,Campagno,Giovanni,
665,Campana,Ugo,
666,Campana,Giacommo,
667,Campbell,,
668,Camperi,Albino,
669,Campieri,Albino,
670,Campin,,
671,Camposaragna,Giovanni,Mario dei Ghigliani
672,Canale,Costantino,
673,Canale,Matilde,Tilde
674,Candela,Stefano,Eolo
675,Cane,Agostino,
676,Cane,Mario,
677,Canino,Mario,
678,Cannavina,Corrado,Elio
679,Canova,Lucia,
680,Canova,Ettore,
681,Cantamessa,Ercole,
682,Cantoni,Mario,Alpino
683,Capece Galeota,Benedetto,
684,Capellini,Dario,
685,Capello,Lidia,
686,Capetta,Angelo,Binda
687,Capitani,Anselmo,Poto
688,Cappa,Adolfo,
689,Cappellin,Gastone,
690,Capra,Giovanni,Vanni
691,Capra,Attilio,Tilio
692,Capriolo,Luigi,Sulis
693,Carabalona,Stefano,
694,Carando,Ennio,Silvio
695,Carando,Ettore,Arturo
696,Carbone,Domenico,
697,Carboni,Giorgio,
698,Carboni,Walter,
699,Cardino,Pizzo,
700,Cardone,Domenico,
701,Carelli,Oscar,
702,Carena,Lena,
703,Carena,Maria,
704,Carena,Caterina,
705,Carena,Michele,Farina
706,Carenzi,Renato,
707,Carenzo,Lina,
708,Carie,Giovanni,
709,Carle,Costanzo,Topolino
710,Carle,Pietro,Napoleone
711,Carli,Carlo,
712,Carmagnola,Piero,
713,Carmine,John,Angelo
714,Carmosso,Alvaro,
715,Carniato,Angiolillo,Lillo
716,Caron,Massimo,
717,Carosio,Giuseppe,
718,Carosso,Aurelio,
719,Carosso,Carlo Emilio,
720,Carosso,Nicoletta,Lea
721,Carrara,Enrico,
722,Carrara,Anteo,
723,Carrara,Giorgio,
724,Carrera,Romolo,
725,Cartagenova,Paolo,
726,Cartasegna,,
727,Cartolano,Michele,
728,Casalegno,Carlo,
729,Casanova,Danielle,
730,Casanova,Romolo,
731,Casasso,Attilio,
732,Casati,Alessandro,
733,Casavecchia,Carlo Alberto,Vecio
734,Casavecchia,Ernesto,
735,Casavecchia,Mario,Marino
736,Cassisi,Paolo,
737,Castagnetto,Giacomo,Antonio
738,Castagno,Cesare,
739,Castagno,Cesarino,
740,Castagno,Domenico,Fred
741,Castagno,Leandro,Piccolo
742,Castellani,Emilio,Mino
743,Castellano,Giuseppe,
744,Castellino,Agostino,Croc
745,Castellino,Giuseppe,Beppe
746,Castriota,Franco,
747,Castrone,Luigi,Salente
748,Casula,Franco,
749,Catania,Antonio,
750,Cattaneo,Giovanni Battista,
751,Cattaneo,Gino,
752,Cattero,Dario,
753,Catti,Giorgio,
754,Catti,Piero,
755,Cauda,Giuseppe,
756,Cauda,Luigi,
757,Caudera,Irene,Ines
758,Caula,Filippo,Lippa
759,Cauvain,,
760,Cavaglion,Enzo,
761,Cavaglion,Riccardo,
762,Cavagnetti,,Plik
763,Cavaliere,Ernesto,
764,Cavalieri,Luigi,Roccia
765,Cavallera,Alberto,
766,Cavallera,Carlo,
767,Cavallera,Edoardo,Edo
768,Cavallera,Giuseppe,Copeco
769,Cavallero,Agostino,
770,Cavallero,Tomaso,Tommaso
771,Cavallero,Cornelio,Oscar
772,Cavallino,Italo,Siro
773,Cavallo,Carlo,
774,Cavallo,Giacomo,
775,Cavanna,,
776,Cavenago,André,
777,Cavicchini,Umberto,Gianni
778,Caviglia,Piero,
779,Caviglia,Pietro,
780,Caviglione,Armando,
781,Cavolo,Dionigi,
782,Ceccarelli,Bruno,Blu
783,Ceccarelli,Luigi,
784,Cedrani,Celeste,
785,Celest Bourcet,Pio,
786,Cenacchio,Felice,
787,Cento,Giovanni,,
788,Cerato,Secondo,
789,Ceresero,Ugo,
790,Ceriana,Giancarlo,Mambo
791,Cerrato,Adalgiso,
792,Cerrato,Giovanni,
793,Cerrina,Spartaco,
794,Cerruti,Sebastiano,Ciro
795,Cerutti,Romano,
796,Cerva,Battista,,
797,Cesale,Renzo,
798,Cesate,Renzo,
799,Ceschi,Paolo,Rossi
800,Chabod,Federico,
801,Chabre,Ernest,René
802,Challier,Mario,
803,Charrier,Angelo,
804,Chiampo,Guido,
805,Chiapusso,Germano,Longo
806,Chiaramello,Domenico,
807,Chiaretta,Roberto,Amilcare
808,Chiari,Antonio,Neri
809,Chiarle,Mario,Pedrul
810,Chiarlone,Giovanni,Gordon
811,Chiarlone,Enrico,
812,Chiavazza,Ignazio,Giorgio
813,Chiazza,Carlo,
814,Chiesa,Silvestro,Ivo
815,Chiocchia,,
816,Chiodi,Pietro,
817,Chionetti,Giuseppe,
818,Chomack,,
819,Churchill,Winston,
820,Ciamei,Alessandro,Falco
821,Cian,Vittorio,
822,Cianca,Alberto,
823,Ciardossino,Ernesto,
824,Ciarieh,Caica,
825,Ciaudano,Giovanni,Nanni
826,Ciccio,,Siciliano
827,Cigliano,Stefano,Mimmo
828,Cigliati,Carlo,
829,Ciglione,Antonino,
830,Cigliutti,Guido,
831,Cima,Felice,
832,Cimaz,Beppe,Martino
833,Cimino,Rosario,
834,Cinanni,,Cecilia
835,Cinanni,Paolo,
836,Cingolani,Marcello,Marcellino
837,Cinquetti,Ferruccio,
838,Cinquetti,Mario,
839,Cinquini,Luigi,Gino
840,Ciochino,Vincenzo,
841,Cipellini,Alberto,Cip
842,Cippone,Lino,
843,Ciravegna,Tommaso,Tommy
844,Cirelli,Giuliano,
845,Cirenei,,
846,Ciriacono,Pietro,
847,Cirillo,Luigi,Gigino
848,Clara,Giovanni,Siviglia
849,Clark,Mark Wayne,
850,Clava,Sergio,
851,Clerici,Aldo,
852,Clerico,Aldo,
853,Clerico,Celso,
854,Coalova,Cristoforo,
855,Coalova,Antonio,Toni
856,Coalova,Chiaffredo,Cialotu
857,Coassolo,Celso,
858,Cocco,Ottavio,Milanvich
859,Cocito,Leonardo,Barberis
860,Coda,,Nino
861,Coda,Anton Dante,
862,Codega,Armando,
863,Coero Borga,Bartolomeo,
864,Coero Borga,Domenico,
865,Cogo,Giovanni,Jorà
866,Colajanni,Pompeo,Barbato
867,Colantuoni,Toni,
868,Colato,Francesco,Cesco
869,Coletto,Roberto,
870,Colla,Giovanni,
871,Colli Vignarelli,Luigi,Vignarelli
872,Colombari,Armando,Trenker
873,Colombari,Riccardo,Smith
874,Colombaro,Maggiorino,Marino
875,Colombi,Arturo,
876,Colombi Marcellino,Nella,
877,Colombo,Cesare,
878,Colombo,Cristoforo,
879,Colombo,Guglielmo,
880,Colombo,Luigi,
881,Colombo,Rino,
882,Comba,Domenico,
883,Comba,Renzo,Renzino
884,Comba,Stefano,Bertone
885,Combe,Vittorio,
886,Comino,Giuseppe,
887,Comino,Michele,
888,Comino,Mario,
889,Comollo,Gustavo,Pietro
890,Conforti,Giancarlo,
891,Conte,Dante,Umberto
892,Conte,Giovanni Battista,Giovanni
893,Conte,Nicandro,
894,Conti,Edoardo,
895,Conti,Giovanni,Giacu
896,Conti,Guglielmo,
897,Contini,Innocenzo,
898,Contini,Massimo,Elle
899,Contini,Attilio,
900,Cope,,
901,Coraglia,Giovanni,Janot
902,Coraglia,Virgilio,Fidati
903,Corallo,Eraldo,
904,Corallo,Virgilio,
905,Corbelletti,Giulio,
906,Cordara,Giulio,
907,Cordero,Francesco,Ceka
908,Cordero,Pietro,
909,Cordero,Ettore,
910,Cordero,Italo,
911,Cordero,Giacomo,Giacomino
912,Cordero di Montezemolo,Paolo,
913,Cordero di Pamparato,Felice,Campana
914,Cordiere,Aldo,
915,Cordola,Esterina,
916,Cordola,Graziella,
917,Cordola,Mario,
918,Cordola,Pietro,Dralin
919,Corina,Mario,
920,Corino,Luigi,Renato
921,Corino,Luigi,
922,Cornazzani,Ugo,
923,Corne,Giuseppe,
924,Cornelio,Luigi,
925,Corrado,Renato,Renè
926,Corsetti,Eolo,
927,Corso,Jolanda,
928,Corti,Adda,
929,Corti,Alfredo,
930,Corti,Lucia,
931,Cosa,Ottavia,
932,Cosa,Pietro,Piero
933,Costa,Mario,
934,Costa,Nino,
935,Costa,Matteo,Lino
936,Costabel,Ercole,
937,Costabel,Renato,
938,Costamagna,Andrea,
939,Costamagna,Ernesto,
940,Costamagna,Francesco,Marco
941,Costamagna,Luigi,Gino
942,Costamagna,Piero,
943,Costamagna,Carlo,
944,Costantino,Costanza,
945,Costanzia di Costigliole,Giuseppe,Corsi
946,Cote,Pierre,
947,Cotella,Giovanni,
948,Cotta,Alberto,
949,Cotti,Carlo,Longoni
950,Coucourde,Renzo,Cit
951,Cox,James,
952,Cozzolino,Pasquale,
953,Coïsson,Stefano,
954,Cravanzoli,Vincenzo,Negus
955,Craveri,Piero,
956,Craveri,Raimondo,
957,Cravero,Giovanni,Giove
958,Creanti,,
959,Creonti,Fernando,Tommasi
960,Crespo,Valerio,
961,Cresti,Angelo,
962,Crissanti,Giuseppe,
963,Crissolo,Donato,Criseul
964,Cristiano,Bartolo,
965,Crivello,Franco,
966,Croce,Elena,
967,Croce,Benedetto,
968,Crosti,Giulio,
969,Crua,Antonio,Naini
970,Culasso,Giuseppe,
971,Culasso,Reno,Remo
972,Culeddu,Vinicio,
973,Cumar,Edoardo,
974,Cundari,Walter,Volf
975,Curetti,Sergio,
976,Curiel,Eugenio,
977,Curletti,Anselmo,
978,Curreno,Giacomo,Gimmy
979,Curreno,Giuseppe,Delle Torri
980,Curtet-Morane,,Morane
981,Cusati,Franco,Ciccio
982,Da Como,Giuseppe,
983,Da Pozzo,Emilio,Millo
984,Da Pra,Giovanni,Aldo Caramba
985,Dabbene,Giuseppe,
986,Dacasto,Carlo Alberto,
987,Dacomo,Pier Augusto,
988,Dadone,Renzo,
989,Dadone,Giovanni,
990,Daga,Chiaffredo,Ciclone
991,Daghero,Gianni,Lupo
992,Daghero,Teresia,Teresita
993,Dagna,Mario,
994,Dagotto,Lino,
995,Daidola,Arturo,Kira
996,Dal Forno,Giuseppe,Verona
997,Dal Fra,Mario,Procopio
998,Dal Pozzo,Mario,
999,Dall'Angelo,Gilberto,Gil
1000,Dalle Mura,,
1001,Dalmasso,Edoardo,Dodo
1002,Dalmasso,Carlo,Carluccio
1003,Dalmastro,Benedetto,Detto
1004,Dalmazzo,Faustino,Angelo
1005,Damilano,Sergio,
1006,Damonte,Rita,
1007,Daneo,Camillo,Dan
1008,Danna,,
1009,Dardanelli,Giuseppe,
1010,Dardanelli,Giovanni,
1011,Darewski,Neville Lawrence Temple,Temple
1012,Dassano,Michele,
1013,Dato,Giuseppe,
1014,Daviso di Chanvensod,Maria,Daviso
1015,Davì,Raimondo,
1016,Daví,Fulvio,
1017,Daziano,Giovanni,Ivan
1018,De Angeli,Giuseppe,
1019,De Angelis,Ennio,Giulio
1020,De Bartolis,Cesare,
1021,De Bernardis,Giuseppe,
1022,De Carolis,Rinaldo,Riri
1023,De Crescentis,Pasquale,
1024,De Franceschini,Cesare,Cece
1025,De Francesco,,
1026,De Gasperi,Alcide,
1027,De Gaulle,Charles,
1028,De Giorgis,Annibale,
1029,De La Forêt,Paola,
1030,De Leva,Marcello,
1031,De Luna,Giovanni,
1032,De Marchi,Franz,Max
1033,De Marco,Giovanni,
1034,De Martino,Giuseppe,Peppino
1035,De Matteis,,
1036,De Michelis,Carletto,
1037,De Notter,,
1038,De Riu,Franco,
1039,De Simoni,Ugo,
1040,De Stefani,,
1041,De Stefanis,Renzo,
1042,De Stefanis,Luigi,
1043,De Stefanis,Angelo,Oscar
1044,De Vitis,Sergio,
1045,De Zardo,Liberale,Osvaldo
1046,Debenedetti,Giulio,Pardi
1047,Debenedetti,Leo,
1048,Debenedetti,,Roncati
1049,Debentz,Franz,
1050,Degiovanni,Maggiorino,
1051,Degiovanni,Michele,
1052,Degno,Ruggero,
1053,Del Bianco,Sergio,Tarzan
1054,Del Mondo,Giuseppe,
1055,Del Noce,Carlo,Alberto
1056,Del Pero,,
1057,Del Ponte,Giovanni,
1058,Del Pozzo,Mario,
1059,Del Vecchio,Giuseppe,Vecio
1060,Delfino,Anna,Annetta
1061,Delfino,Giovanni,
1062,Delfino,Giuseppe,
1063,Delia,,D'Elia
1064,Della Piana,Luigi,Maré
1065,Della Piana,Mario,Marì
1066,Della Torre,Ada,Adriana
1067,Della Valle,,
1068,Dellavalle,Giorgina,
1069,Delmastro,Sandro,Sacchi
1070,Demaria,Costanzo,
1071,Demaria,Giacomo,Jack
1072,Demartino,,Peppino
1073,Dematteis,Alfredo,
1074,Denina,Michele,
1075,Dennis,,
1076,Denti,Giuseppe,Beppe
1077,Deriu,Diego,
1078,Dery,Umberto,
1079,Destefanis,Renzo,
1080,Devalle,Giovanni,Gioanin
1081,Dezan,Evelino,
1082,Di Boyl,Carlo,Pautasso
1083,Di Costanzo,Pietro,Guido della Missione
1084,Di Dario,Vittorio,
1085,Di Lorito,Dante,Silvano
1086,Di Muri,Libero,
1087,Di Nanni,Riccardo,
1088,Di Stefano,Tommaso,
1089,Diagone Treves,Domenico,Nico
1090,Diberti,Giovanni,Nino
1091,Diena,Elettra,
1092,Diena,Franco,Ferrero
1093,Diena,Giorgio,Sala
1094,Diena,Leone,Leo
1095,Diena,Marisa,Mara
1096,Diena,Paolo,
1097,Diena,Vittorio,
1098,Divizia,Adriano,
1099,Dobris,Spiros,
1100,Dogliani,Francesco,Ricci
1101,Dogliotti,Mario,Lallo
1102,Dolino,Gianni,
1103,Dolza,Pietro,Rocca
1104,Domanda,Ottavio,
1105,Domenichini,Francesco,
1106,Dominici,Giovanni,
1107,Dominicis,Alfonso,Max
1108,Donadei,Mario,Dona
1109,Donadio,Pietro,
1110,Donadio,Franco,Radames
1111,Donadio,Antonio,Pinco
1112,Donadio,Francesco,
1113,Donadio Lerda,Maria,Aida
1114,Donato,Giacomo,
1115,Donini,Annetta,Nuccia
1116,Donn,Gigetto,
1117,Donnini,Ottorino,
1118,Doro,Emilio,Milio
1119,Dotta,Giuseppe,Bacchetta
1120,Dovis,Candido,
1121,Doyen,,
1122,Drago,Carlo,Nito
1123,Dreher,Elena,
1124,Drommi,Carlo,Dinamico
1125,Druetto,Luciano,
1126,Duclos,Jacques,
1127,Dufour,Giovanni,Giôanin
1128,Dufour,Maddalena,
1129,Dufourmentel,,
1130,Dugoni,Eugenio,
1131,Dugoni,Matteo,Uccio
1132,Duller,,
1133,Dumontel,Federico,
1134,Dumontel,Tito,
1135,Dunchi,Nardo,
1136,Dunoyer,Claude,
1137,Durand,Paolo,
1138,Durant,,
1139,Durbiano,Vittorio,
1140,Dusi,Franco,
1141,Dutto,Bartolomeo,
1142,Dutto,Edoardo,
1143,Dutto,Marco,
1144,Dutto,Matteo,
1145,Dutto,Maria,
1146,Dutto,Giuseppe,Giuse
1147,Dutto,Matteo,Maté
1148,Edulo,Carlo,
1149,Egardi,Mario,
1150,Ellena,Pino,
1151,Enrich,Hans,
1152,Enrici,Michele,
1153,Enrico,Ugo,
1154,Enrì,Francesco,
1155,Ermini,Spartaco,
1156,Ettore,Gino,K13
1157,Eula,Stefano,
1158,Evangelista,Marco,
1159,Evaristo,Daniele,
1160,Fagiuoli,Franco,Verona
1161,Fagnola,Battista,
1162,Falco,Giuseppe,
1163,Falco,Secondina,
1164,Faldella,Franco,
1165,Faletti di Villafalletto,Corrado,
1166,Fantini,Mario,
1167,Fantini,Francesco,Bruno
1168,Fantino,Primino,
1169,Faramia,Antonio,Toni
1170,Farina,Giovanni,
1171,Farina,Pinin,
1172,Farinacci,Roberto,
1173,Farinetti,Paolo,
1174,Farla,Renato,Balia
1175,Faro,Placido,Bambù
1176,Fassi,Alessandro,
1177,Fassi,Bruno,
1178,Fassi,Carlo,
1179,Fassino,Eugenio,Geni Bocia
1180,Fatutto,Giorgio,
1181,Favanna,Italo,
1182,Favout,Paolo,Poluccio
1183,Favro,,
1184,Fazio,Bruno,
1185,Felici,Arturo,Panfilo
1186,Fenocchio,Mario,
1187,Fenocchio,Bice,
1188,Fenoglio,Carlo,
1189,Fenoglio,Antonio,
1190,Fenoglio,Giuseppe,Beppe
1191,Ferracci,Antonio,
1192,Ferrando,Giuseppe,
1193,Ferrante,Giovanni,,
1194,Ferrara,Pietro,Pierino
1195,Ferrari,Pietro,
1196,Ferraris,Emidio,
1197,Ferraro,Mario,
1198,Ferraro,Mario,Mario dello Sbaranzo
1199,Ferrato,Adolfo,
1200,Ferrera,Domenico,Mimmo
1201,Ferrere,Giovanni,
1202,Ferrere,Sergio,
1203,Ferreri,Federico,
1204,Ferrero,Aldo,
1205,Ferrero,Antonio,
1206,Ferrero,Augusto,Ulisse
1207,Ferrero,Diego,
1208,Ferrero,Gregorio,
1209,Ferrero,Mario,Renzo
1210,Ferrero,Renzo,
1211,Ferrero,Simone,
1212,Ferrero,Tommaso,Cristina
1213,Ferrero,Vittorio,
1214,Ferrero,Leonardo,
1215,Ferrero,Secondo,Gundu d'Bagnet
1216,Ferrero,Davide,
1217,Ferrero,Natale,Talin
1218,Ferrero,Carlo Alberto,
1219,Ferrero,Domenico,
1220,Ferrero,Vincenzo,
1221,Ferrero,Oreste,Pinin
1222,Ferretti,Ferretto,
1223,Ferri,Emanuele,
1224,Ferro,Bartolomeo,
1225,Ferro,Giovanni,
1226,Ferrua,Giacomo,
1227,Ferrua,Mario,
1228,Ferrua,Piero,
1229,Ferrua,Angelo,
1230,Fiandino,,
1231,Fiandrino,Giovanni,
1232,Fibbi,Lina,
1233,Ficani,Mario,
1234,Ficani,Carlo,
1235,Filistrucchi,Francesco,Cecco
1236,Fiore,Vito,
1237,Fiorina,Marco,Kin
1238,Fiorini,Franco,Carli
1239,Fiorio,Fred,
1240,Fiorio,Alessandro,Sandro
1241,Firmian,Giovanni,
1242,Fissolo,Michele,Balilla
1243,Fissore,Carlo,Dutur
1244,Fissore,Francesco,Franco di Sanfrè
1245,Fissore,Giovanni,Tom
1246,Fitz,Virgilio,
1247,Flight,Andrew,
1248,Floh,Heinrich,
1249,Foa,Vittorio,Inverni
1250,Foca,Giovanni,Fuoco
1251,Foccoli,Adriano,
1252,Foglia,Francesco,
1253,Fogliati,Edolo,
1254,Fogliati,Enzo,
1255,Fogliati,Giuditta,
1256,Foieri,Mario,
1257,Fomaro,Sesto,Maresciallo
1258,Fonda,Giorgio,Bruto
1259,Fontan,Irma,
1260,Fontan,Walter,
1261,Fontana,Lidia,
1262,Fontana,Attilio,
1263,Fontana,Pierino,Italo
1264,Foresto,Elio,
1265,Formento,Giovanni,Nanin
1266,Formento,Piero,
1267,Formica,Franca,
1268,Formica,Stefano,Coppa
1269,Formichi,Giorgio,
1270,Fornari,Nando,
1271,Forneris,Giuseppe,
1272,Forneris,Pietro,
1273,Forneris,Sebastiano,
1274,Fossat,Beppino,
1275,Fossati,Agostino,Tino
1276,Fossati,Ermenegildo,Gildo
1277,Fossati,Gildo,
1278,Fossati,Maurilio,
1279,Foà,Deodato,Libero
1280,Fracassi,Maurizio,Ferrari
1281,Fracchia,Carlo,
1282,Fracchia,Pietro,
1283,Franceschet,Lorenzo,Bartali
1284,Franceschi,Mario,
1285,Franceschi,Natale,
1286,Franchino,Giacomo,
1287,Franchino,Giovanni,Giani
1288,Franchino,Jean,Jan
1289,Franco,Domenico,
1290,Franco,Francisco,
1291,Franco,Pietro,
1292,Franco,Vincenzo,
1293,Franza,Ettore,
1294,Franzini,Edoardo,Tibaldè
1295,Frascarolo,Alda,
1296,Frassati,Filippo,
1297,Frassi,Luigi,
1298,Fresia,Camillo,
1299,Frumento,Franco,
1300,Frusso,Lorenzo,Ramon
1301,Frusso,Rino,
1302,Fubini,Umberto,
1303,Fuccaro,Roberto,Venezia
1304,Fulcheri,Dionigi,
1305,Fulcheri,Giuseppe,
1306,Fumagalli,Eugenio,Nene
1307,Furiere,Mario,Mario di Lanzo
1308,Fusi,Valdo,
1309,Fönich,Christian,
1310,Gabriele,Mauro,Jel
1311,Gabrielli,Alberto,Lupo
1312,Gagliardo,Ezio,Bigio
1313,Gaglietto,Alberto,
1314,Gaido,Giovanni,
1315,Gaietto,Antonio,
1316,Galante Garrone,Alessandro,Sandro
1317,Galardo,Antonio,
1318,Galatolo,Salvatore,Alditore
1319,Galimberti,Tancredi,Duccio
1320,Gallaverna,Giovanni,
1321,Gallesio,Annarosa,
1322,Galli della Mantica,Costanzo,
1323,Galliano,Marcello,
1324,Galliano,Massimo,
1325,Galliano,Rocco,
1326,Gallina,Cino,
1327,Gallizia,,Galisia
1328,Gallizia,Giuseppe,
1329,Gallo,Bona,
1330,Gallo,Giovanni,
1331,Gallo,Mario,
1332,Gallo,Vittorio,
1333,Gambazzi,Ludovico,Gamba
1334,Gambina,Enzo,
1335,Gancia,Matteo,
1336,Gancia,Renato,Ferrero
1337,Ganda,Lamberto,
1338,Gandino,Giacomo,
1339,Gandino,Francesco,Franco
1340,Gandolfi,Raffaele,Raff
1341,Gandolfi,Carlo,
1342,Ganzerli,Sante,Vico
1343,Garassino,Attilio,Anziano
1344,Garavini,Vera,
1345,Garbagnati,Giuseppe,Garba
1346,Garbin,Marco,Leone
1347,Garelli,Angelo,
1348,Garelli,Ettore,Gomma
1349,Garelli,Amos,
1350,Garelli,Paola,Mirka
1351,Garelli,Giacomo,
1352,Garelli,Giovanni,
1353,Garelli,Egidio,Gidio
1354,Garette,Giuseppe,
1355,Garetto,Elio,
1356,Garetto,Giuseppe,
1357,Gariglio,Lino,
1358,Gariglio,Luigi,
1359,Garino,Mario,
1360,Garneri,Giuseppe,
1361,Garombo,Giovanna,Gianna
1362,Garombo,Giovanni,Bob
1363,Garosci,Guido,
1364,Garosci,Lina,Zia Lina
1365,Garro,Bartolomeo,
1366,Garrone,Malvina,Sonia
1367,Garrou,Filiberto,
1368,Garuffi,Giuseppe,
1369,Gasco,Osvaldo,
1370,Gasco,Giovanni,
1371,Gastaldi,Corrado,
1372,Gastaldi,Giovanni,
1373,Gatti,Giovanni,Giulio
1374,Gatti,Alfonso,
1375,Gatto,Corinno,
1376,Gatto,Agostino,
1377,Gatto,Mario,
1378,Gatto,Italo,
1379,Gaudissard,Lorenzo,
1380,Gavarino,Attilio,
1381,Gavarino,Joseph,
1382,Gavazzeni,Fausto,Rossi
1383,Gavello,Lorenzo,Renzo
1384,Gavello,Francesco,Ceschin
1385,Gavirati,Giovanni,
1386,Gavotto,Pietro,
1387,Gay,Enrico,
1388,Gay,Francesco,
1389,Gay,Gianni,
1390,Gay,Mathieu,
1391,Gazzera,Michele,Michelin
1392,Gazzera,Elio,
1393,Gemelli,Guido,
1394,Genala,Francesco,
1395,Genovesio,Giovannino,
1396,Genre,Caterina,
1397,Genta,Andrea,
1398,Gentili,Orfeo,
1399,Gerace,Franco,Geraci
1400,Gerardi,Giulio,Giulietto
1401,Gerbaldo,Lorenzo,
1402,Gerbi,Giuseppe,Diavolo
1403,Gerbi,Giuseppe,Leo
1404,Geremia,Piero,Monti
1405,Gertosio,Pietro,
1406,Geuna,Fausto,
1407,Geymet,Enrico,
1408,Geymonat,Dani,
1409,Geymonat,Ludovico,Luca
1410,Geymonat,Virginia,
1411,Ghiacci,Piero,Pier
1412,Ghibaudo,Mario,
1413,Ghibaudo,Michele,Nino
1414,Ghidoli,Pietro,
1415,Ghiglia,Vincenzo,
1416,Ghigliano,Renzo,
1417,Ghignone,Giuseppe,Tigre
1418,Ghinamo,Giovanni,Spartaco
1419,Ghio,Bernardo,Nadu
1420,Ghio,Giovanni,
1421,Ghio,Margherita,
1422,Ghiotti,Sergino,
1423,Ghisolfi,Remigio,Remo
1424,Giaccardi,Giovenale,Giagio
1425,Giacchero,Enzo,Yanez
1426,Giacco,Marco,
1427,Giachino,Remo,Leone
1428,Giacobini,Cesare,
1429,Giacoletti,Piero,Gabiola
1430,Giacosa,Giocondo,Dino
1431,Giacosa,Natale,Talin
1432,Giacosa,Elisa,
1433,Giacosa,Aldo,
1434,Giai,Walter,
1435,Gianavello,Giosué,
1436,Giannì,Antonio,
1437,Giano,Giacomo,
1438,Gianolio,Pietro,
1439,Giay Merlera,Ugo,
1440,Giazzi,Gino,
1441,Giglioni,Giacomo,
1442,Gilardi,Giuseppe,Oscar
1443,Gilardi,Vincenzo,
1444,Gilardino,Umberto,
1445,Gilardino,Alessandro,Sandro
1446,Ginestra,Onofrio,Severino
1447,Gino,Gianni,
1448,Ginzburg,Leone,
1449,Giobbe,Mirko,
1450,Gioelli,Ferdinando,
1451,Giolitti,Antonio,
1452,Giolitti,Giovanni,
1453,Giondo,Oreste,Biondo
1454,Giordana,Lorenzo,Renzo
1455,Giordana,Tullio,
1456,Giordanengo,Federico,Pentu
1457,Giordanengo,Giuseppe,Gim
1458,Giordanengo,Natale,Natalin
1459,Giordani,Pietro,
1460,Giordano,,Dodi
1461,Giordano,Antonio,
1462,Giordano,Bartolomeo,Gentile
1463,Giordano,Bartolomeo,Meo
1464,Giordano,Fiorenzo,Fiore
1465,Giordano,Amilcare,Milcare
1466,Giordano,Giorgio,Camulin
1467,Giordano,Giacinto,
1468,Giorgi,Maurizio,Angelo
1469,Giorgio II,,
1470,Giorgis,Giacomo,
1471,Giovana,Mario,
1472,Giovine,Remo,
1473,Gira,Carlo,
1474,Girardi,Ezio,
1475,Girardi,Gustavo,
1476,Giraud,Guido,
1477,Giraudo,Corrado,
1478,Giraudo,Erminio,
1479,Giraudo,Giorgio,
1480,Giraudo,Giovan Battista,Parin
1481,Giraudo,Giovanni,Gigi
1482,Giraudo,Giuseppe,
1483,Giraudo,Luigi,Gigi
1484,Giraudo,Pierino,
1485,Girmounsky,Boris,
1486,Girola,Guido,
1487,Girola,Roberto,
1488,Giua,Lisetta,
1489,Giuliani,Bartolomeo,
1490,Giuliani,Vittorio,Mario
1491,Giuliano,Bartolomeo,
1492,Giusiana,Guglielmo,
1493,Giusta,Carlo,Carlino
1494,Giustetto,Fiorenzo,
1495,Giusto,Giovanni,Onorato
1496,Giusto,Vincenzo,Giudice
1497,Gliozzi,Mario,
1498,Gnocchi,Carlo,
1499,Gobetti,Paolo,
1500,Gobetti,Piero,
1501,Gobetti Marchesini,Ada,Gobetti
1502,Godino,Guido,
1503,Godino,Luigi,
1504,Godino,Franco,
1505,Goebbels,Joseph,
1506,Gonella,Giovanni,Ferrua
1507,Gore,Gordon,
1508,Goso,Giuseppe,Titta
1509,Gosselin,Henry,
1510,Gottlieb,Isidoro,Berto
1511,Gozellino,Francesco,
1512,Gozzo,Prospero,
1513,Graffino,Francesco,Firmino
1514,Graglia,Battista,
1515,Graglia,Santino,Dido
1516,Gramaglia,Cesare,Neri
1517,Gramsci,Antonio,
1518,Granata,Carlo,Carletto
1519,Grand Ville,Cristine,Odette
1520,Grandi,Asiago,
1521,Grandi,Dino,
1522,Graneris,,
1523,Grant,,
1524,Grassi,Luigi,
1525,Grassini,Luigi,
1526,Grassini,Dante,Max
1527,Grattarola,Angelo,Agra
1528,Grattarola,Carlo,
1529,Grava,Giovanni,Nino
1530,Graziadei,Francesco,
1531,Graziani,Rodolfo,
1532,Grazioli,Giovanni,Gianni
1533,Greco,Paolo,Martini
1534,Greco,Pasquale,
1535,Gregorio,Bartolomeo,
1536,Gregorio,Giacomo,
1537,Grieser,Otto,
1538,Griesser,Franz,
1539,Griffa,Vivante,
1540,Griffo,Dante,
1541,Griglio,Alessandro,
1542,Griglio,Gustavo,
1543,Grignola,,
1544,Grimaldi,Enzo,Bellini
1545,Griot,Maggiorino,
1546,Griseri,Giovanni,
1547,Grisotto,Emanuele,
1548,Groppo,Mario,
1549,Grosjean,Roland,
1550,Grosso,Giovanni,Libero
1551,Grosso,Bettina,Lili
1552,Grosso,Giovan Battista,
1553,Grosso,Domenico,
1554,Guaita,Giovanni,Mirko
1555,Guarini,,
1556,Guarnieri,Antonio,Ovidio
1557,Guarnieri,Luigi,
1558,Guerci,Arrigo,
1559,Guermani,Antonio,Tonino
1560,Guerra,Remo,
1561,Guerraz,Aldo,
1562,Guerraz,Memmo,
1563,Guerriero,Antonio,Toni
1564,Guerrini,,
1565,Guibert,Constant,
1566,Guida,Mario,Pandiani
1567,Guidetti Serra,Bianca,Nerina
1568,Guinet,Oliver,Jimmy il Francese
1569,Gulinelli,Flavio,
1570,Gullino,Antonio,Toni
1571,Gullino,Felice,
1572,Gullino,Giacomo,Giacu
1573,Gullo,Giuseppe,Nello
1574,Gusmaroli,Amilcare,
1575,Hager,Hans,Astro
1576,Hahn,Hermann,
1577,Halpern,Bronka,
1578,Hanau,Adolfo,Gomez
1579,Hanau,Eraldo,Martinengo
1580,Hanerwalt,Karl,
1581,Harl,Karl,
1582,Hauschild,Johan,
1583,Hewitt,R. T.,
1584,Hill,William Charles,
1585,Himmler,Heinrich,
1586,Hitler,Adolf,Führer
1587,Hoffman,Kurt,
1588,Holdsworth,Gerard,Gery
1589,Hom,,
1590,Hope,Adrian Alexander,
1591,Hrubec,,
1592,Iapichino,Giuseppe,
1593,Ibertis,Franco,
1594,Imanon,Antonio,
1595,Imerito,Romeo,
1596,Iosif,Vissarionovic,Stalin
1597,Ippolito,Ettore,
1598,Isaia,Giuseppe,
1599,Isaia,Mario,
1600,Isasca,Giuseppe,
1601,Ivaldi,,Doria
1602,Ivaldi,Gabriele,
1603,Ivoglio,Gabriele,
1604,Ivol,Jean,
1605,Jalla,Luigi,
1606,Jannon,Aldo,
1607,Jannon,Guido,
1608,Januci,Caspari,
1609,Jarf,Felix,
1610,Jarre,Anna,
1611,Jarre,Gianni,
1612,Jarre,Paola,
1613,Javelli,Gioachino,Chino
1614,Jeremief,Michel,
1615,Jergora,Grisha,
1616,Jervis,Guglielmo,Willy
1617,Joergensen,Reynolds,
1618,Jona,Augusto,Filiberto
1619,Jona,Filiberto,
1620,Jona,Lino,
1621,Jouglard,Jean-Marie,
1622,Jourdan,Bruno,
1623,Jourdan,Severino,Piave
1624,Jouvenal,Eugenio,
1625,Jouvenal,Maxance,Max
1626,Jovine,Felice,
1627,Jubelin,,
1628,Kappler,Herbert,
1629,Kaschuba,Emil,
1630,Keani,,
1631,Keser,,
1632,Kesseler,Johan,
1633,Kesselring,Albert,
1634,Kimmich,,
1635,Klaas,Bernhard,
1636,Knaim,Franz,
1637,Konoff,Alien,Konov
1638,Kowalik,Roman,Klisura
1639,Kragt,Wilhelm,
1640,Kruger,,
1641,Krzak,Rudolf,Havel
1642,Kuhn,Joseph,
1643,Kuzminov,Serghiei,
1644,La Perna,Ettore,Neni
1645,Labaguer,Giovanni,Pancrazio
1646,Lageard,Viola,
1647,Lamberti,Carlo,Gabilondon
1648,Lamberti,Giacomo,
1649,Lamberti,Giovanni,
1650,Lamberti,Giuseppe,
1651,Lamberti,Marco,
1652,Lamberti,Mario,
1653,Lamberto,Francesco,
1654,Lamberto,Giovenale Umberto,Gucia
1655,Lamberto,Giuseppe,Beppe
1656,Lana,Pier Luigi,
1657,Landi,,Ferraris
1658,Landi,Ciro,
1659,Lanero,Giovanni,Gianni
1660,Laneve,Gerolamo,
1661,Lanfranco,Eros,
1662,Lanfranco,Leo,Carlo
1663,Lanfranconi,Luigi,
1664,Languasco,Aurelio,
1665,Lantelme,Aldo,
1666,Lantermino,Giovanni,
1667,Lanusse,,
1668,Lanutti,Paolo,
1669,Lanzoni,Adriano,
1670,Laperna,Nene,
1671,Latilla,Giovanni,Nanni
1672,Latis,Giorgio,Albertino
1673,Latore,Anna,
1674,Lattanzi,Giuseppe,Saetta
1675,Lattore,Regina,
1676,Lattore,Emilia,Milli
1677,Laugero,Claudio,Rino
1678,Laurenti,Dovilio,Dobrien
1679,Laviny,Franco,Raffaele
1680,Lazzari,Gualtiero,
1681,Lazzari,Domenico,
1682,Lazzero,Ricciotti,
1683,Le Pira,Franco,Etna
1684,Lecuyer,Maurice,Sapin
1685,Lees,Michael,
1686,Leggiard,Alessandro,
1687,Lemke,,
1688,Lemmi,Francescco,
1689,Leonardi,Francesco,
1690,Leone,Francesco,Vito
1691,Leone,Didi,Pedro
1692,Leone,Giovanni,
1693,Leone,Onorato,
1694,Leoni,Bruno,
1695,Lepetit,Roberto,
1696,Lepri,,
1697,Lerda,Antonio,Toni
1698,Lerda,Giuseppe,Beppe
1699,Lerda,Lorenzo,
1700,Lerda,Michele,
1701,Leslie,Michael George Benjamin,Michael
1702,Levi,Ruggero,Geo
1703,Levi,Aldo,
1704,Levi,Mario,Olearo
1705,Levi,Carmela,
1706,Levi Lenzuolo,Silvio,
1707,Levi Nizza,Paola,Ortensia
1708,Liberti,Egidio,Valle
1709,Libois,Eugenio,
1710,Lieb,Theo-Helmut,Helmut
1711,Lingua,Camillo,
1712,Lippman,Jacques,
1713,Lippman,Jean,Philips
1714,Lippolis,Alberto,Foresti
1715,Lisa,Gino,
1716,Lisa,Onorio,
1717,Liscio,Michele,
1718,Litoideo,Angelo,Lito
1719,Lo Bue,Francesco,Bove
1720,Lo Russo,Nino,
1721,Locatelli,Luigi,Dante
1722,Locatelly,Richard,
1723,Lodigiani,Piero,
1724,Lombard,Giovanni,
1725,Lombardi,Dino,
1726,Lombardi,Gina,
1727,Lombardini,Jacopo,
1728,Lombardo,Natalino,
1729,Lomonaco,,
1730,Long,Aldo,
1731,Long,Erminio,
1732,Long,Marcello,
1733,Long,Carlo,
1734,Long,Jeoffrey,
1735,Longo,Galliano,
1736,Longo,Luigi,
1737,Longo,Renzo,
1738,Lorenzale,Giacinto,
1739,Lorenzani,Giacinto,
1740,Lorig,Marcello,
1741,Losano,Franco,
1742,Losano,Roberto,Berto
1743,Louis,Chabas,Lulù
1744,Lovera,Domenico,Menico
1745,Lozzo,Mario,
1746,Lubatti,Giuseppe,
1747,Lucca,Alfredo,
1748,Lucca,Giulia,Valeria
1749,Luchino,Antonio,Nino
1750,Luchino,Domenico,
1751,Luciano,Luigia Giovanna,Palla
1752,Luciano,Matteo,
1753,Luciano,Mario,maresciallino
1754,Luciano,Oliviero,
1755,Luciano,Giuseppe,Pinotu
1756,Ludwige,Otto,
1757,Lulli,Folco,
1758,Lupo,Tiburzio,
1759,Luraghi,Raimondo,Martelli
1760,Luserna,Luciano,
1761,Lusso,Giuseppe,
1762,Lussu,Emilio,
1763,Mac Avoy,,
1764,Mac Farlane,,
1765,MacDonald,,
1766,Macaggi,Francesco,Franchino
1767,Macalli,Giacomo,
1768,Macaluso,Ignazio,
1769,Maccari,Romilde,
1770,Maccario,Natalino,
1771,Maccario,Riccardo,
1772,Macciaraudi,Amilcare,
1773,Macrino,Giuseppe,
1774,Madella,Francesco,
1775,Madonno,Ubaldo,Dino
1776,Maestroni,,
1777,Maffezzoni,Antonio,
1778,Magagnin,Vittorio,
1779,Magenta,Mario,Barba
1780,Maggiola,Rodolfo,
1781,Maggioni,Celestino,
1782,Magnabosco,Antonio,
1783,Magnaldi,Giovanni,
1784,Magnaldi,Costanzo,
1785,Magnani,Giovanni,
1786,Magno,Luigi,Speranza
1787,Magno,Riccardo,
1788,Magno,Giovanni,
1789,Magnone,Sandro,
1790,Maiello,Giovanni,
1791,Maiello,Vincenzo,
1792,Mainardi,Maddalena,
1793,Mainardi,Margherita,
1794,Maioriello,Alfonso,
1795,Maisano,Ricciotti,Rima
1796,Malan,Arnaldo,
1797,Malan,Frida,Giovanna
1798,Malan,Giorgio,
1799,Malan,Gustavo,
1800,Malan,Roberto,
1801,Maletti,Luigi,Aramis
1802,Maletti,Pietro,
1803,Mallen,Gino,
1804,Malvezzi,Nino,
1805,Mamino,Piero,
1806,Manassero,Stefano,
1807,Manassero,Sebastiano,
1808,Mancardi,,
1809,Mancuso,Pietro,Piero
1810,Mandelli,Walter,Vanni
1811,Mandler,Jacob,
1812,Manera,Innocenzo,
1813,Manera,Guido,
1814,Manfredi,Emilio,
1815,Manfredini,Giuseppe,
1816,Mansuino,Stefano,Bruno
1817,Mantelli,Bruno,
1818,Manuelo,Aldo,
1819,Manzini,Giovanni,
1820,Manzo,Angelo,
1821,Manzo,Bartolomeo,
1822,Manzo,Giovanni Piero,
1823,Manzoli,Luigi,
1824,Manzone,Aldo,
1825,Marabotto,Ernesto,
1826,Marabotto,Giuseppe,
1827,Marabotto,Maria,Marabina
1828,Maranzano,Pietro,
1829,Marcellin,Maggiorino,Bluter
1830,Marcellin,Sandro,
1831,Marcellino,Guglielmo,Fiore
1832,Marchelli,Franco,Marco
1833,Marchese,Luigi,Gino
1834,Marchesi,Enzo,Musso
1835,Marchesi,Luigi,
1836,Marchesi,Concetto,
1837,Marchesini,Ettore,
1838,Marchesini,Mario,
1839,Marchesini,Vera,
1840,Marchetti Marabotto,Carla,Speranza
1841,Marchisio,Giulio,
1842,Marchisio,Lino,
1843,Marchisio,Michele,
1844,Marcia,Nuccio,
1845,Marenco,Giuseppe,Beppe
1846,Marenco di Moriondo,Alberto,Sismondi
1847,Margiaria,Filippo,Danubio Blu
1848,Mariani,Teddy,Simpamina
1849,Marianni,Gianni,
1850,Mariano,Felice,Felix
1851,Marin,Rino,
1852,Marin,Bruno,
1853,Marinetto,Achille,
1854,Marino,Giuseppe,Nicola
1855,Marino,Antonio,
1856,Marino,Olimpio,Freccia
1857,Marino,Maggiorino,
1858,Marino,Felice,
1859,Marinze,Odinea,Alda
1860,Marnino,Piero,
1861,Maroccia,Giuseppe,Zio Beppe
1862,Marocco,Maria,
1863,Marocco,Tommaso,
1864,Marongiu,Ada,
1865,Marrain,Brabusch,
1866,Marrapodi,Domenico,
1867,Marro,Giuseppe,Romano
1868,Marshall,Robert,
1869,Martelli,Giuseppe,
1870,Martina,Valentino,Tino
1871,Martina,Stefano,
1872,Martinengo,Giovanni,Veli
1873,Martinetto,Attilio,Timo
1874,Martini,Enrico,Mauri
1875,Martini,Rita,Matilde
1876,Martini,Pietro,
1877,Martino,Orlando,Frugo
1878,Martino,Carlo,Magnano
1879,Martino,Errico,
1880,Martinoli,Espedita,
1881,Martinoli,Giuseppe,
1882,Martinotti,Bruno,Balilla
1883,Martorelli,Giuseppe,Marco
1884,Martorelli,Renato,
1885,Mascarello,Giusto,
1886,Mascherpa,Giovanni,
1887,Masciandri,Luigi,Marelli
1888,Masera,Ermenegildo,
1889,Massa,Giuseppe,
1890,Massano,Maurizio,
1891,Masseilotti,Remo,
1892,Massiglia,Santo,Sergente di Ferro
1893,Massimino,Aldo,
1894,Massobrio,Luciano,Pedro
1895,Massocco,Leandro,
1896,Massès,Marcel,
1897,Mastroianni,Salvatore,Ciccio
1898,Matta,Angelo,
1899,Mattalia,Giovanni,Gianni
1900,Mattalia,Matteo,
1901,Mattalia,Stefano,
1902,Mattiauda,Giovanni,
1903,Mattiolo,Michele,
1904,Mazarelli,Armando,
1905,Mazza,Armando,Bleki
1906,Mazzini,Angelo,
1907,Mazzola,Luigi,
1908,Mazzola,Pietro,
1909,Mazzola,Silvia,
1910,Mazzoni,Guido,
1911,Mazzonis,Giovanni,
1912,McArthur,Douglas,
1913,McCaffery,Joseph,
1914,McClelland,William,
1915,Medici Tornaquinci,Aldobrando,Tornaquinci
1916,Meineri,Luigi,
1917,Meinhold,Günther,Gunther
1918,Meirana,Pier Francesco,Piero
1919,Meissner,,
1920,Melamed,Marcello,
1921,Mellano,Pietro,
1922,Mellano,Gino,
1923,Menardi,Ambrogio,
1924,Mendrini,Adriana,
1925,Menichini,Ezio,Spezia
1926,Meniciati,Armando,
1927,Menudo,,Nettuno
1928,Menzio,Paolo,
1929,Mercuri,Giuseppe,Peppino
1930,Mereu,Albino,
1931,Merletti,Francesco,
1932,Merlin,Lina,
1933,Merlino,Renzo,
1934,Merlo,Luciano,
1935,Messe,Giovanni,
1936,Micca,Sincero,
1937,Micca,Ettore,
1938,Micheaux,Maurice,
1939,Micheletti,Andrea,Nino
1940,Michelis,Carlo,Carletto
1941,Migliore,Giovanni,Giuanin
1942,Migliore,Ignazio,
1943,Migliore,Maurizio,
1944,Migliorini,Marcella,
1945,Miino,Luigi,
1946,Milanesio,Andrea,Cruciun
1947,Milanesio,Antonio,
1948,Milano,Gildo,
1949,Milano,Giuseppe,Beppe
1950,Milione,Oreste,
1951,Militerno,Francesco,Terno
1952,Milone,Carlo,
1953,Minerbi,Giorgio,
1954,Minervini,Carlo,
1955,Minetto,Lorenzo,Renzo
1956,Mingione,Vincenzo,Mattone
1957,Miraglio,Riccardo,
1958,Mirenghi,Aldo,
1959,Miroglio,Giovanni,Bob
1960,Mischi,Archimede,
1961,Mo,Margherita,Meghi
1962,Modena,Francesco,Nuciu
1963,Modica,Vincenzo,Petralia
1964,Modica,Caterina,
1965,Modica,Giovanni,
1966,Modica,Giuseppe,
1967,Modica,Nicola,
1968,Modica,Susanna,
1969,Mogne,Eugenio,Marco
1970,Molas,Josè,
1971,Molina,Vincenzo,
1972,Molinari,Mario,
1973,Molinari,Medea,
1974,Molinaris,Paolo,Orlando
1975,Molinaris,Ottavio,Negus
1976,Molinaris,Teresio,Stambecco
1977,Molinaris,Remigio,
1978,Molineris,Ernesto,
1979,Molineris,Michele,
1980,Molteni,Paolo,
1981,Mombelli,,
1982,Momigliano,Franco,Mumo
1983,Momo,Cesare,
1984,Momo,Natalia,
1985,Monaco,Nino,
1986,Monaco,Raffaele,Lello
1987,Monaco,Nicola,
1988,Monasterolo,Giovenale,Nello
1989,Monchiero,Guido,
1990,Monchio,Giuseppe,
1991,Mondino,Sebastiano,Nini
1992,Mondino,Luigi,
1993,Mondino,Carlo,
1994,Moneta,Alfio,Condottiero
1995,Monetti,Secondo,Secondino
1996,Monge,Carlo,Bongiovanni
1997,Mongrando,,
1998,Montagna,Renzo,
1999,Montagnana,Franco,Marco
2000,Montalbetti,Guglielmo,Mimmino
2001,Montaldo,Vincenzo,Sgambeletto
2002,Montalenti,Bianca,
2003,Montalenti,Mila,
2004,Montanaro,Elio,Guzzi
2005,Montano,Massimo,Nino
2006,Montecucchi,,
2007,Montello,Antonio,
2008,Montgomery,Bernard,
2009,Monti,Augusto,
2010,Monti Sturani,Luisa,
2011,Montino,Osvaldo,
2012,Montà,Battista,
2013,Mora,Annibale,Don
2014,Mora,Dino,
2015,Moraglio,Franca,Nuccia
2016,Morando,Celestino,Vittorio
2017,Moranini,Albino,
2018,Morbiducci,Mario,Medici
2019,Morel,Giacomo,
2020,Morelli,Carlo,Carletto
2021,Morelli,Dario,
2022,Morello,Guido,
2023,Moretti,,
2024,Moretti,Giosuè,
2025,Morgan,Robert,
2026,Morino,Guido,
2027,Morisasco,Marco,
2028,Morone,Vittorio,Ferrero
2029,Morrow,,
2030,Mortara,Mario,
2031,Morton,Paul,
2032,Moscatelli,Vincenzo,Cino
2033,Moschetti,Mario,
2034,Moschino,Aldo,
2035,Moscone,Cesare,Jacopo
2036,Mout,Massimino,
2037,Mulas,Bruno,Lario
2038,Mundie,Charlie,
2039,Muracca,Carlo,Pizzo
2040,Murgia,Giacomo,Giacomino
2041,Mussa,Angelo,Lino
2042,Mussa Ivaldi,Carlo,Carletto
2043,Mussi,Federico,
2044,Musso,Ezio,Robba
2045,Musso,Giovanni,
2046,Mussolini,Benito,Duce
2047,Mussotti,Francesco,Franco
2048,Mutisio,Aristide,
2049,Muzio,Ezio,
2050,Muò,Giacomo,
2051,Nahoum,Isacco,Milan
2052,Nani,Bruno,
2053,Nanni,Ugo,Dario
2054,Nantiat,Mario,
2055,Napolitano,,
2056,Naso,Pietro,
2057,Natale,Rolando,Rolandino
2058,Nedell,Karl,
2059,Negarville,Celeste,Valerio
2060,Negarville,Maria,Rosetta
2061,Negarville,Osvaldo,
2062,Negrini,Orazio,
2063,Negrini,Giovanni,
2064,Negro,Alessandro,Sandro
2065,Negro,Luigi,Dante
2066,Negro,Michelino,Bruno
2067,Negro,Cesare,
2068,Negro,Giovanni,
2069,Negro,Carlo,Volpe
2070,Neisser,Gerhard,
2071,Nela,Franco,Karlo
2072,Nenni,Pietro,
2073,Neri,Nicoletta,
2074,Neri,Alberto,
2075,Nervo,Michele,
2076,Nicastro,Antonio,Antonino
2077,Nicola,Giovanni Battista,
2078,Nicolas,Maurice,
2079,Nicoletta,Giulio,
2080,Nicoletti,Giorgio,Mir
2081,Nicoletti,Italo,Andreis
2082,Nicoletto,Italo,Andreis
2083,Nicoli,Andrea,
2084,Nietfield,Heinrich,
2085,Nitti,Vincenzo,
2086,Nocar,,
2087,Novarino,Giovanni,
2088,Novelli,,
2089,Novelli,Ada,
2090,Novello,Amelio,Marini
2091,Novena,Spirito,
2092,Noè,Renato,Muscun
2093,Noè,Luciano,
2094,Nurisio,Piero,
2095,Nuti,Nello,
2096,Oberti,Alberto,
2097,Oberti,Carlo,Carlin
2098,Occelli,Costanzo,
2099,Occelli,Domenico,Nico
2100,Occelli,Francesco,Cesco
2101,Occleppo,Cesare,Golia
2102,Occleppo,Maria,Sara
2103,Occoferri,Fausto,
2104,Oceano,Fortunato,
2105,Odasso,Emilio,
2106,Odello,Costantino,
2107,Odello,Casimiro,
2108,Oderda,Giuseppe,Gege
2109,Oderda,Giuseppe,
2110,Odiard,Giulio,
2111,Odino,Gian Carlo,
2112,Oggero,Carletto,
2113,Oliaro,Roberto,
2114,Olivero,Andrea,
2115,Olivero,Carlo,Carlin
2116,Olivero,Costanzo,
2117,Olivero,Crispino,Pino
2118,Olivero,Fernando,
2119,Olivero,Giuseppe,
2120,Olivero,Lazzaro,
2121,Olivero,Lidia,
2122,Olivero,Tommaso,Malino
2123,Olivero,Iolanda,
2124,Olmo,Paolo,
2125,Olmo,Tullio,
2126,Olobardi,,
2127,Olzi,Mario,Olona
2128,Ombra,Celestino,Tino
2129,Onega,Augusto,
2130,Operti,Raffaello,
2131,Operto,Bartolomeo,Bartolo
2132,Operto,Giovanni,Vanni
2133,Ordine,Nella,
2134,Oreglia,Battista,
2135,Oreglia d’Isola,Aurelia,Leletta
2136,Oreglia d’Isola,Aimaro,
2137,Oricco,Giacomo,Enrico
2138,Origlia,Domenico,
2139,Ormea,Ferdinando,
2140,Orru,Orazio,
2141,Orsini,Enrico,Bocia
2142,Orso,Costanzo,
2143,Orvieto,Renzo,Maestro
2144,Ottone,Achille,Primula
2145,Ottoni,Ilario,
2146,O’Donnel,Pat,
2147,Pacchiodo,Eligio,
2148,Padovan,Giuseppe,
2149,Pagliarani,Giuseppe,Fiorello
2150,Paglieri,Andrea,Dottore
2151,Paglieri,Enzo Raimondo,Raimondo
2152,Paglieri,Pietro,
2153,Pajetta,Elvira,
2154,Pajetta,Gaspare,
2155,Pajetta,Giancarlo,
2156,Palazzi,Pietro,
2157,Paliano,Sergio,
2158,Palisse,Bernard,
2159,Pallotta,Michele,
2160,Palma di Cesnola,Sofia,Camilla
2161,Palmieri,Savina,
2162,Paltrinieri,Antonio,
2163,Paltrinieri,Marcello,
2164,Pampione,Angelo,
2165,Pane,Remo,
2166,Panebianco,Giovanni,
2167,Panero,Pierino,
2168,Panizzolo,Luigi,
2169,Pantiziol,Enrico,
2170,Paolasso,Pierino,
2171,Paolasso,Ugo,
2172,Paolino,Pietro,
2173,Papini,Mario,
2174,Papini,Ambrogio,Pompa
2175,Papparella,Domenico,
2176,Paradisi,Giuliano,Athos
2177,Parenti,Fortunato,Pallino
2178,Parenti,Pasquale,
2179,Pareto,Giovanni,Mario
2180,Pareyson,Luigi,
2181,Parisi,Sebastiano,
2182,Parola,,Libero
2183,Parola,Bernardino,Dino
2184,Parola,Giovanni,John
2185,Parola,Mario,
2186,Parola,Giuseppina,Nucci
2187,Parola,Dorino,Furia
2188,Parri,Ferruccio,
2189,Paruzzo,Sergio,
2190,Parà,Giuseppe,
2191,Pascale,Paolo,
2192,Pascale,Rosario,Saro
2193,Paschero,Bartolomeo,Trumlin
2194,Paschetta,Sandrino,
2195,Paschetta,Stefano,
2196,Pasero,Giovan Battista,Battista
2197,Pasetti,Federico,
2198,Pasquale,Rolando,
2199,Pasquali,Bruno,Toc
2200,Passadore,Luigi,
2201,Passi,Bruno,
2202,Passoni,Pier Luigi,Pierluigi
2203,Pastonchi,Francesco,
2204,Pastore,Lorenzo,Renzo
2205,Patti,Antonio,
2206,Pattini,Giulio,
2207,Paulin,Franz,
2208,Pavan,Luigi,Ginetto
2209,Pavia,Angelo,,
2210,Pavia,Michele,Lucca
2211,Peano,,Gabri
2212,Peccei,Aurelio,
2213,Peck,Johnny,
2214,Pecorari,Gaetano,
2215,Pedrali,Romolo,Adolfo
2216,Pedrocca,Attilio,
2217,Peiper,Joachim,
2218,Peirolo,Fiorentino,Bruno
2219,Peirolo,Pietro,
2220,Pelazza,Giacomo,Giacu
2221,Pelegrino,Tommaso,
2222,Pelissero,Aristide,
2223,Pelle,Domenico,
2224,Pellegrini,Giuliano,
2225,Pellegrini,Oreste,
2226,Pellegrino,Mario,Grio
2227,Pellegrino,Michele,
2228,Pellegrino,Vittorio,
2229,Pellegrino,Tommaso,
2230,Pellero,,Mano
2231,Pellissero,Aristide,
2232,Peluffo,Gino,
2233,Penati,Fausto,
2234,Penna,Michele,
2235,Penna,Tonino,
2236,Pepino,Giovanni,
2237,Pepino,Francesco,
2238,Pepé,Francesco,Pastiglia
2239,Perano,Giovanni,
2240,Perasso,Linda,Chiara
2241,Perdomi,Roberto,Robbi
2242,Peretta,Fiorenzo,
2243,Perno,Luigi,
2244,Perone,Carlo,
2245,Perono,Carlo,
2246,Perono,Gaspare,
2247,Perosino,,
2248,Perotti,Giacomo,Sabiot
2249,Perotti,Giuseppe,
2250,Perovich,Stefano,
2251,Perra,Angelo,
2252,Pesando,Elso,
2253,Pesando,Carlo,Poldo
2254,Pescarini,Gian Carlo,
2255,Pesce,Bartolomeo,Davide
2256,Petraroli,Biagio,
2257,Petronelli,Giuseppe,
2258,Petrovic,Stefano,
2259,Pettinati,Florindo,
2260,Pettinati,Mario,
2261,Pettinati,Sergio,
2262,Peyran,Ernesto,
2263,Peyran,Remgio,
2264,Peyrot,Renato,
2265,Pezza,Mario,
2266,Piacenza,Luigi,
2267,Piano,Ugo,Ettore
2268,Piano,Angelo,
2269,Piasco,Damiano,
2270,Piazzo,Susanna,Odette
2271,Picca,Chiaffredo,
2272,Piccato,Antonio,
2273,Picchio,Lorenzo,Renzo
2274,Picciotto,Tonino,
2275,Picco,Costanzo,Costa
2276,Picco,Nandino,
2277,Piccolato,Rina,Bruna
2278,Piccolis,Carmelina,
2279,Pignata,Giorgio,Bruno
2280,Pignatelli,Luigi,
2281,Pignatta,Giuseppe,Pino
2282,Pignone,Attilio,John
2283,Pigozzi,Enrico,
2284,Pigozzi,Luisa,
2285,Pilia,Battista,
2286,Pinna Pintor,Plinio,Simone
2287,Pistone,Evasio,Taurus
2288,Pittavino,Maggiorino,
2289,Pittavino,Mario,
2290,Piumatti,Felicita,Feli
2291,Piutti,Gelindo,Gedi
2292,Pizzotti,Ugo,
2293,Plachesi,Luigi,Gino l’armiere
2294,Plantier,Maurice,
2295,Ploto,Pietro,
2296,Poet,Angelo,
2297,Poet,Enrico,Baldin
2298,Poet,Mario,
2299,Poet,Renato,
2300,Poggi,Eugenio,Jack
2301,Poggiorisciuili,Volodia,
2302,Pognat,Raffaele,
2303,Polancih,Joseph,
2304,Polidori,Alberto,
2305,Poliotti,Mario,Nemo
2306,Politano,Mario,
2307,Polla,Gianni,
2308,Pollano,Elio,
2309,Pollarolo,Giuseppe,
2310,Pollicino,Salvatore,
2311,Pomba,Enrico,
2312,Pompegnani,,
2313,Pons,Aldo,
2314,Pons,Giorgio,
2315,Pons,Silvia,
2316,Pons,Teofilo,
2317,Pons,Evelina,
2318,Ponsero,Alberto,Parin
2319,Pont,Ernesto,
2320,Ponza,Sebastiano,Dino
2321,Ponza di San Martino,Filippo,Pippo
2322,Ponzetti,Angelo,
2323,Porello,Gino,
2324,Porello,Giorgio,
2325,Porta,Gianfranco,
2326,Portonero,Ernesto,Retto
2327,Pozzi,Alfonso,Alfo
2328,Praiotto,Adolfo,Dolfo
2329,Praiuso,Pasquale,
2330,Pratis,Carlo Enrico,
2331,Prato,Roberto,
2332,Pratolongo,Giordano,
2333,Prearo,Antonio,Capun
2334,Pregliasco,Augusto,
2335,Pregliato,Giovanni,
2336,Pregliato,Pietro,
2337,Pretato,Ottorino,
2338,Prete,Renzo,
2339,Prete,Angelo,Devic
2340,Prete,Sergio,Jack
2341,Prigione,Giuseppe,Asti
2342,Prigione Beccaria,Wolfgang,Wolf
2343,Priola,Giuseppe,
2344,Privitera,Vito,Romeo
2345,Procaccino,Antonio,Tonio
2346,Profeti,Lorenzo,
2347,Pron,Cecilia,
2348,Pronino,Lorenzo,Renzo
2349,Provera,Egidio,
2350,Puliserpi,Giuseppe,
2351,Quaglia,Giovanni,
2352,Quagliato,Antonio,Oliviero
2353,Quaglino,Giovanni,
2354,Quaranta,Aldo,Aldone
2355,Quaranta,Domenico,
2356,Quaranta,Michele,
2357,Quaranta,Matteo,Nino
2358,Quaranta,Mario,
2359,Quarantotto,Paolo,
2360,Quarello,Gioachino,
2361,Quartero,Edgardo,
2362,Quattrini,Ciccio,
2363,Quazza,Guido,
2364,Racca,Francesco,
2365,Racca,Giuseppe,Beppe
2366,Racca,Lorenzo,
2367,Racca,Silvio,
2368,Racca,Tommaso,Gino
2369,Racca,Vincenzo,Quaiot
2370,Racca,Giovanni,
2371,Raciti,Antonio,Perico
2372,Radley,,
2373,Radulovic,Giuro,
2374,Raimondi,Carlo,
2375,Raina,Giuseppe,
2376,Raineri,Gianni,
2377,Rainero,Biagio,Gino
2378,Rainotti,Sante,
2379,Ramello,Luigi,Vigin
2380,Ramero,Giovanni,Ramero della Mellea
2381,Ranieri,Giuseppe,Beppe
2382,Rapisarda,Ugo,
2383,Rasetto,Giuseppe,Riva
2384,Ratai,Franz,
2385,Ratti,Giancarlo,
2386,Ratti,Giuseppe,
2387,Ravera,Camilla,
2388,Ravinale,Franco,Franco I
2389,Raviol,Remo,
2390,Raviola,Rino,
2391,Raviolo,Andrea,
2392,Raviolo,Mario,
2393,Raviolo,Giovanni,
2394,Razé,Carlo,Carletto
2395,Re,Benvenuto,
2396,Re,Gianni,
2397,Re,Ignazio,
2398,Re,Pietro,
2399,Re,Mario,
2400,Re,Natale,
2401,Re,Giuseppe,Igli
2402,Rebuffo,Armando,
2403,Rebuffo,Giuseppe,
2404,Regis,Silvio,
2405,Reitmayer,Georg,
2406,Remondino,Luigi,Vigi
2407,Renaudo,Tommaso,Gino
2408,Renaudo,Zina,Zizi
2409,Rendina,Massimo,Max
2410,Repaci,Antonino,
2411,Repetto,Costanzo,Giorgio
2412,Repetto,Dante,
2413,Repetto,Matteo,Lino
2414,Repice,Rocco,
2415,Rescalli,Angelo,
2416,Resega,Aldo,
2417,Restagno,Bernardino,
2418,Rettori,Corrado,
2419,Revelli,Benvenuto,Nuto
2420,Revelli,Stefano,Steve
2421,Revelli,Alberta,
2422,Revelli,Uberto,Osvaldo
2423,Revelli,Antonio,Tonio
2424,Reviglio,Francesco,
2425,Reviglio,Giuseppe,Montagna
2426,Rho,Anita,
2427,Riba,Pier Paolo,Porthos
2428,Riba,Chiaffredo,
2429,Riba,Francesco,
2430,Riba,Paolo,Pablo
2431,Ribao,Michele,
2432,Ribet,Alberto,Tetu
2433,Ricca,Mario,
2434,Ricca,Angelo,
2435,Riccardi,Giancarlo,
2436,Riccardi Candiani,Camillo,
2437,Riccardi Candiani,Giampaolo,
2438,Ricci,Lisa,
2439,Ricci,Nenne,
2440,Ricci,Noela,
2441,Ricci des Ferres,Roberto,Pucci
2442,Ricciulli,Temistocle,
2443,Richard,,
2444,Richiardone,Umberto,
2445,Richieri,Carlo,
2446,Richiero,Francesco,
2447,Ricotti,Aldo,Nicola
2448,Riera,Francesco,Cesco
2449,Rigoni,Carlo Andrea,Rino
2450,Rinaldi,Rinaldo,
2451,Rinaudo,Antonio,Cit
2452,Rinino,Giovanni,Nino
2453,Riolfi,Giuseppe,
2454,Ripka,Franz,
2455,Risso,,Cit
2456,Risso,Aldo,
2457,Rissone,Remo,
2458,Rivaroli,Oberdan,Piero
2459,Rivella,Francesco,
2460,Rivoira,Mario,Walter
2461,Rivoira,Francesco,
2462,Rivoira,Giacomo,
2463,Rivoira,Isabella,
2464,Rivoira,Maria,
2465,Rivoira,Rina,
2466,Rizza,Filippo,Pippo
2467,Rizzi,Giovanni,
2468,Rizzo,Rosanna,
2469,Roasio,Angelo,Polo
2470,Roata,Roberto,
2471,Roatta,Andrea,
2472,Robasto,Giuseppe,
2473,Roberto,Riccardo,
2474,Rocca,Giovanni,Primo
2475,Roccavilla,Marco,
2476,Rocco,Mario,
2477,Rochon,Leone,
2478,Rochon,Lorenzo,
2479,Rodolfo,Gilberto,
2480,Roeder,Anton,
2481,Roffino,Selina,Cassandra
2482,Roggero,Giorgio,
2483,Roglio,Agostino,
2484,Roglio,Celestina,Teta
2485,Roglio,Silvana,
2486,Roland,Armando,
2487,Rolando,Ottavio,
2488,Rolando,Gianni,
2489,Rolle,Alfredo,
2490,Rollier,Mario Alberto,
2491,Rollier,Rita,
2492,Romana,Giovanni,
2493,Romanelli,Ercole,
2494,Romano,Tommaso,
2495,Romiti,Luigi,Andrej
2496,Rommel,Erwin,
2497,Ronchetto Salvana,Attilio,
2498,Ronchi Della Rocca,Icilio,Della Rocca
2499,Ronchil,Attilia,
2500,Ronfetto,Telesforo,Pot
2501,Ronza,Secondo,Dino
2502,Roosevelt,Franklin Delano,
2503,Roppolo,Giuseppe,
2504,Rosa,Ettore,
2505,Rosa,Francesco,Cek
2506,Rosa Bonzo,Lidia,
2507,Rosario,Pasquale,Saro
2508,Rosato,Mario,Moro
2509,Rosini,Omero,
2510,Rosmino,Giovanni,
2511,Rossato,Renato,Crik
2512,Rossello,Francesco,Checco
2513,Rossero,Aldo,
2514,Rossetti,Marco,
2515,Rossi,Adolfo,
2516,Rossi,Ernesto,
2517,Rossi,Giuseppe,
2518,Rossi,Luigi,Rouget
2519,Rossi,Walter,Zanzara
2520,Rossi,Aurelio,Villa
2521,Rossino,Giacomo,Rino
2522,Rosso,Andrea,Moretto
2523,Rosso,Francesco,Perez
2524,Rosso,Giacinto,Cinto
2525,Rosso,Giuseppe,
2526,Rosso,Giusto,
2527,Rosso,Bartolomeo,
2528,Rostagno,Guido,
2529,Rostagno,Mario,
2530,Rostagno,Melchiorre,
2531,Rostan,Gino,
2532,Rostan,Giovanni,
2533,Rota,Roberto,
2534,Rotta,Cesare,
2535,Rovano,Maria,Camilla
2536,Roveda,Giovanni,
2537,Rovera,Costanzo,
2538,Rovera,Giovanni,
2539,Rovera,Spirito,Prit
2540,Rovere,Severino,
2541,Rozzi,Alessandro,
2542,Rubatto,Giovanni,
2543,Rubatto,Giuseppe,
2544,Rubino,Mario,Ru
2545,Rubino,Giovanni,Ciccetto
2546,Ruffinatto,Aldo,
2547,Ruffini,Mario,Roberto
2548,Ruffino,Franco,
2549,Ruffino,Giuseppe,Beppe
2550,Ruffino,Venanzio,
2551,Rulfo,Nino,
2552,Rulfo,Giuseppe,
2553,Rulfo,Federico,
2554,Ruocco,Ettore,Talarico
2555,Ruocco,Luciano,
2556,Russo,Nino,
2557,Ruta,Luciano,
2558,Ruttino,Venunzio,
2559,Sabatini,Sergio,
2560,Sabatino,Raffaele,
2561,Sacchetti,Aldo,
2562,Sacchetti,Mario,Steiner
2563,Sacchettino,Vincenzo,Vince
2564,Sacco,Erminio,Edo
2565,Sacco,Giorgio,
2566,Sacco,Rodolfo,
2567,Sacco,Tommaso,Primula
2568,Sacco,Marisa,
2569,Sacco,Nicola,Tito
2570,Sacerdote,Rino,
2571,Sacerdote,Vittorio,Fabbri
2572,Sacerdote,Anna,
2573,Sacerdote,Ugo,
2574,Sacerdote Nizza,Emma,Signora Emma
2575,Saganowski,Henryk,Turski
2576,Saglietti,Aldo,Biondo
2577,Salmoni,Alberto,
2578,Salmoni,Bruno,
2579,Salmoni Pautasso,Juanita,
2580,Saltetto,Fiorenzo,
2581,Salvadori,Massimo,Max
2582,Salvagno,Celestino,
2583,Salvatico,Aldo,
2584,Salvatico,Secondo,
2585,Salvemini,Ignazio,
2586,Salvi,Ettore,
2587,Sandri,Riccardo,Emiliano
2588,Sangregorio,Giuseppe,
2589,Sanna,Angelo,
2590,Sansalvadore,Fulvio,Adrano
2591,Santi,Mario,
2592,Santiano,Renzo,
2593,Santino,Benito,
2594,Santo,Giorgio,Saetta
2595,Santoro,Gaspare,
2596,Saracco,Mario,
2597,Saragat,Giuseppe,
2598,Sardo,Franco,
2599,Sarotto,Carlo,
2600,Sartirana,Ugo,
2601,Sartori,Angelo,
2602,Sartori,Giovanni,
2603,Sartori,Silvia,Cravero
2604,Sartori,Piero,
2605,Sartoris,Angelo,
2606,Sarzetto,Annerino,Rino
2607,Sassernò,Arturo,Helvetia
2608,Sasso,Nicola,
2609,Sattamino,Filippo,
2610,Savasta Fiore,Eugenio,
2611,Savio,Felice,
2612,Savio,Maria,Renza
2613,Savoldi,Angelo,
2614,Savoldi,Luigi,Pelvo
2615,Savorgnan d'Osoppo,Livia,
2616,Savorgnan d'Osoppo,Volchi,Chopin
2617,Scacchetti,,
2618,Scagliola,Romano,
2619,Scagliola,Romano,Diaz
2620,Scaglione,Bruno,
2621,Scaglione,Mario,
2622,Scaglione,Dario,Tarzan
2623,Scagliosi,Giuseppe,Pino
2624,Scagliosi Delfino,Maria Teresa,
2625,Scala,Giancarlo,
2626,Scala,Luigi,
2627,Scala,Marisa,
2628,Scala,Remo,
2629,Scamuzzi,Leandro,Leo
2630,Scanferlato,Gigi,
2631,Scappini,Remo,
2632,Scarpone,Lucia,
2633,Scarpone,Paolo,
2634,Scavazza,Orlando,
2635,Scevola,Giorgio,Citrosil
2636,Schachtner,Joseph,
2637,Schaffner,Peter,
2638,Scheiwert,Felix,
2639,Schiappapietra,Angelo,
2640,Schierano,Luciano,Balun
2641,Schlemmer,Johannes,Hans
2642,Schmidt,Johann,
2643,Schmidt,Alois,
2644,Scholl,Walter,
2645,Sciaccaluga,Aldo,
2646,Sciandra,Riccardo,Renato
2647,Sciarretta,Basso,Walter
2648,Scimé,Luigi,Gigi
2649,Sciolla,Aldo,
2650,Sciolla,Edmondo,Duccio
2651,Sciolla,Franca,
2652,Sciolla,Elso,
2653,Sciolla,Antonio,Reno
2654,Sclarandi,Piero,
2655,Sclavo,Gentile,
2656,Sclocchini,Leo,
2657,Scotti,Francesco,
2658,Scotti,Alessandro,
2659,Scudeller,Giovanni,Leone
2660,Segre,Giorgio,
2661,Segre,Mimmo,
2662,Segre,Vittorio,
2663,Segre,Luciano,Leo
2664,Seif,Franz,
2665,Serafino,Adolfo,
2666,Serafino,Ettore,
2667,Sereni,Emilio,
2668,Sereno,Luigi,Seren
2669,Sereno,Mario,
2670,Serra,Alfredo,
2671,Serra,Giuseppe,
2672,Serra,Battista,
2673,Serrati,Mario,
2674,Servetti,Alessandro,
2675,Servetti,Francesco,Cesco
2676,Servetti,Pietro,
2677,Sesia,Andrea,
2678,Sesia,Giancarlo,
2679,Sestero,Ugo,
2680,Settimo,Maggiorino,
2681,Sforza,Carlo,
2682,Sibille,Luciano,
2683,Sibille,Tullio,
2684,Siccardi,Nino,Curto
2685,Siccardi,Davide,
2686,Siccardi,Vincenzo,Bernabò
2687,Sicilia,Eugenio,
2688,Sicoli,Giuseppe,
2689,Siliano,Oddino,
2690,Silvestri,Ercole,Lino
2691,Silvestri,Luigi,Luis
2692,Silvestro,Michele,La Mazza
2693,Silvestro,Piero,Pierone
2694,Simoncino,Nicola,Simone
2695,Simonetti,Giobatta,
2696,Simoni,Egidio,Sarti
2697,Simoni,Samuel,Simon
2698,Siracusa,Saverio,
2699,Sisto,Ettore,
2700,Sisto,Laura,
2701,Skorzeny,Otto,
2702,Slataper,Giuliano,
2703,Slaviero,Ettore,
2704,Soave,Giuliano,Furia
2705,Sobolodskii,Gregori,Matros
2706,Sodgornii,Ivan,Pippo
2707,Sogno,Edgardo,Franchi
2708,Sogno,Gustavo,
2709,Sola,Elia,
2710,Solari,Gioele,
2711,Solari,Orlando,
2712,Solaro,Giuseppe,
2713,Soleri,Marcello,
2714,Solero,,
2715,Solimani,Ettore,
2716,Sollier,Aristide,
2717,Somano,Guido,
2718,Sombrero,Pietro,
2719,Soncin,Ernesto,Cavia
2720,Soncin,Nicola,
2721,Sordello,Pietro,Rittana
2722,Sordo,,
2723,Soria,Edoardo,Dado
2724,Soria,Giovanni,Nino
2725,Soria,Secondo,
2726,Soriga,Gianni,Gianni il Mitragliere
2727,Sosso,Mario,
2728,Soster,Bruno,
2729,Spada,Andrea,
2730,Spada,Giuseppe,
2731,Spada,Renzo,
2732,Spada,Ferruccio,
2733,Spadafora,Giovanni,Lampo
2734,Spadotto,Angelo,
2735,Spagliardi,Fabio,
2736,Speranza,Sebastiano,
2737,Spesso,Angelo,
2738,Spicola,Marcello,
2739,Spina,,Uccio
2740,Spinelli,Gigliola,
2741,Spinelli,Altiero,Panta
2742,Spirolazzi,Giancarlo,Spiro
2743,Sportoletti,Franco,Edmondo
2744,Spriano,Paolo,Pillo
2745,Squaglia,Franco,
2746,Squassino,Vincenzo,Freccia
2747,Squeri,,
2748,Steffenino,Battista,Pinsa
2749,Stella,Anello,Italo
2750,Stephens,J. E.,
2751,Stevens,John Melior,John
2752,Stobbia,Bartolomeo,
2753,Stocco,Sergio,
2754,Strenfels,Johann,
2755,Strippoli,Nunzio,
2756,Strisich,Danilo,
2757,Succhioni,Guido,
2758,Tabart,Robert,
2759,Tallia Galoppo,Loris,
2760,Tallone,Alberto,
2761,Talmon,Guglielmo,
2762,Tamagno,Giacomo,
2763,Tambuscio,Ezio,Pippo
2764,Tanda,Leonardo,
2765,Tani,Massimo,Max
2766,Tarditi,Carlo,Carlin
2767,Tardito,Giuseppe,Pinot
2768,Tassone,Domenico,
2769,Tassone,Giovanni,
2770,Tassone,Maurizio,
2771,Tealdy,Lorenzo,
2772,Tedeschi,Italo,
2773,Tensfeld,Willy,
2774,Teppati,Guido,
2775,Teppati,Mimí,
2776,Terracini,Umberto,
2777,Terracini,Roberto,Ferraguti
2778,Terreno,Modesta,Tuska
2779,Terreno,Giorgio,Olivetti
2780,Terzolo,Riccardo,Bleki
2781,Tescari,Luigi,
2782,Tesio,Ludovico,Vico
2783,Tessiore,Federico,Franco il Dinamitardo
2784,Tessore,Pietro,
2785,Testa,Michele,Galet
2786,Testa,Teresa,Marta
2787,Testori,Renato,
2788,Theiler,Enrico,
2789,Tibaldi,Mario,
2790,Tibaldi,Enrico,Gordon
2791,Tibaldi,Eva,Cocco
2792,Tibaldo,Niero,
2793,Ticheglio,Gabriele,
2794,Tinto,Carlo,
2795,Tobia,Ottorino,
2796,Toja,Sergio,Toia
2797,Tollari,Bruno,
2798,Tomalino,Francesco,Viviani
2799,Tomasi,Tranquillo,
2800,Tomatis,Domenico,
2801,Tommasini,,
2802,Tonelli,Gianni,
2803,Tonelli,Giuseppe,
2804,Tonello,Michele,Tunel
2805,Tonon,Enrico,
2806,Toppan,Onorino,
2807,Torelli,Felicino,
2808,Torre,Paolo,
2809,Torresani,Lorenzo,Renzo
2810,Torretta,Nino,
2811,Torricelli,Angelo,
2812,Torta,Tommaso,
2813,Torta,Domenico,
2814,Torta,Giulio,
2815,Tortalla,Antonio,Toni
2816,Tortoroglio,Giovanni,Balin
2817,Tortoroglio,Daniele,
2818,Tortoroglio,Aldo,
2819,Tortoroglio,Pietro,
2820,Toscano,Mario,Briscola
2821,Toselli,Gian Paolo,
2822,Toselli,Giovanni,Otello
2823,Toselli,Lorenzo,Norcini
2824,Tosello,Bartolomeo,Trumé
2825,Tosello,Beppe,
2826,Tosello,Edoardo,
2827,Tosello,Giuseppe,
2828,Toso,Giuseppe,Pepe
2829,Tourn,Maurizio,
2830,Toye,Fiore,Toje
2831,Tozzi,Gino,
2832,Tozzi,Luigi,
2833,Trabucchi,Alessandro,Alessandri
2834,Trattenero,Carlo,
2835,Travaglini,,Gian Aldo
2836,Travaglini,Alberto,
2837,Travaglini,Carla,
2838,Travaglio,Ferdinando,Peschiera
2839,Traversa,Edoardo,Edo
2840,Tremaione,Stefano,
2841,Trevisan,Lino,Gim
2842,Triberti,Roberto,
2843,Trinch,Sandro,
2844,Trinchero,Giovanni,
2845,Troisi,Pasquale,
2846,Trombetta,Giovanni,
2847,Tron,Alfonso,
2848,Tron,Beniamino,
2849,Tron,Rinaldo,
2850,Tron,Speranza,
2851,Trucco,Francesco,
2852,Trucco,Biagio,
2853,Tumino,Marcello,
2854,Tuninetti,Giovanni Battista,
2855,Turbiglio,Bruno,
2856,Turdo,Vito,
2857,Turello,,
2858,Turina,Mario,
2859,Turini,Mario,
2860,Turletti,Beatrice,
2861,Turnino,Marcello,
2862,Turvani,Giovanni,
2863,Tutina,Giovanni,
2864,Uberti,Giovanni Battista,Battista
2865,Uffreduzzi,Ottorino,
2866,Ughetto,Emilio,
2867,Ughetto,Giuseppe,Stalin
2868,Ugliengo,Giuseppe,Pino
2869,Ugues,Mario,
2870,Unia,Antonio,
2871,Usseglio,Giovanni,
2872,Usseglio,Guido,
2873,Ussi,Vittorio,
2874,Vaccarino,Giorgio,Passerotto
2875,Vacchiero,Guido,
2876,Vaira,Giuseppe,
2877,Valabrega,Ernesto,
2878,Valabrega,Ester,
2879,Valabrega,Giorgina,
2880,Valabrega,Franco,
2881,Valentino,Alberto,
2882,Valerio,Michele,Fanfulla
2883,Valfrè,Salvatore,
2884,Valiani,Leo,Federico
2885,Vallarino Gancia,Lillo,
2886,Valle,Giovanni Battista,Battista
2887,Valle,Mario,
2888,Valle,Tullio,Mario
2889,Vallero,Giorgio,
2890,Valli,Paolo,
2891,Valobra,Ferruccio,
2892,Valpreda,Armando,
2893,Valvassura,Enrico,
2894,Valvassura,Domenico,Franco
2895,Vandone,Aldo,Alduccio
2896,Vandoni,Aldo,Alduccio
2897,Vanni,Pier Alessandro,Alessandro
2898,Vannini,Gregorio,Franco
2899,Vanossi,Giuseppe,Alpi
2900,Vanossi,Lorenzo,
2901,Vanzetti,Riccardo,Renato
2902,Varelle,Denise,
2903,Varese,Ercole,
2904,Varese,Alfredo,Dedo
2905,Vargiu,Paolo,
2906,Vasari,Nanni,
2907,Vasario,Paolo,Dario
2908,Vasario,Diana,
2909,Vaschetta,Andrea Mario,Andrea
2910,Vaschetto,Andrea,
2911,Vaschetto,Mario,
2912,Vassallino,Edoardo,
2913,Vassallo,Armando,Bruno
2914,Vassallo,Giuseppe,Pino
2915,Vassallo,Evaristo,
2916,Vassallo,Antonio Pietro,Antonio
2917,Vecchietti,Maria Maddalena,Lena
2918,Vecco,Aldo,
2919,Velino,Giordano,
2920,Venegoni,,
2921,Vento,Giuseppe,Pino
2922,Ventre,Luigi,Gigi
2923,Ventrella,Armando,
2924,Ventura,Nino,
2925,Ventura,,
2926,Venturelli,Aldo,
2927,Venturelli,Walter,
2928,Venturi,Franco,Nada
2929,Vera,Lucia,
2930,Vera,Sebastiano,Bastian
2931,Vercelli,Lorenzo,Bob
2932,Vercelli,Paolo,
2933,Vercellino,Mario,
2934,Vercellino,Pietro,
2935,Vercellone,Ettore,Prut
2936,Vercesi,,
2937,Verdiani,Mario,Liberator
2938,Vergano,Edoardo,
2939,Vernon,,
2940,Veronese,Luigi,Gigino
2941,Veronese,Stefano,Nino
2942,Verquera,Silvio,
2943,Verra,Aurelio,
2944,Verretto,Piera,
2945,Verri,Carla,
2946,Verzone,Guido,
2947,Viada,Pasquale,Lino
2948,Viale,Bartolomeo,
2949,Viale,Raimondo,
2950,Vian,Ignazio,
2951,Viano,Aldo,Loris
2952,Viano,Natale,Natalino
2953,Viano,Silvio,
2954,Vietto,Felice,
2955,Vigada,Pier Luigi,
2956,Vigliero,Remigio,
2957,Viglietta,Gianni,
2958,Viglietti,Riccardo,Peano
2959,Viglino,Mario,
2960,Viglione,Aldo,Aldino
2961,Viglione,Andrea,Vico
2962,Viglione,Umberto,Berto
2963,Viglione,Anna,
2964,Vigna,Alma,
2965,Vigna,Carlo,
2966,Vigna,Giorgio,
2967,Vigorita,Flaviano,
2968,Viguié,Jacques,
2969,Viguié,Renée,
2970,Villata,Pierino,Stenk
2971,Vincent,Maurice,
2972,Vineis,Liderico,
2973,Vineis,Manlio,
2974,Viotto,Francesco,
2975,Virdis,Gesuino,Orfeo
2976,Virtz,Usi,
2977,Visalberghi,Aldo,Massimo
2978,Visentini,Fabio,
2979,Visetti,Aurelio,Elio
2980,Vitale,Ermanno,
2981,Vitali,Fulvio,Suss
2982,Vitelli,Gino,
2983,Vittone,Giuseppina,Gennarino
2984,Vittone,Guido,
2985,Vittone,Mario,Tolone
2986,Vivanti,Ildebrando,Ildo
2987,Vizio,Giovanni,
2988,Voarino,Adriano,
2989,Voghera,Pinottina,
2990,Vogliolo,Lorenzo,Enzo
2991,Vola,Battista,Sondrio
2992,Vola,Franco,
2993,Vola,Remo,
2994,Vola,Mario,
2995,Volante,Guido,
2996,Volhov,Pavlovic,
2997,Volkov,Ivan,
2998,Volpiano,Giovanni,
2999,Volta,,Lino
3000,Volta,Raffaele,
3001,Vrainz,Jvoan,
3002,Watginnger,Josef,
3003,Weirauch,Wilhelm,
3004,Weirause,Norbert,
3005,Wessel,Werner,
3006,Weygand,,
3007,Widmar,Bruno,
3008,Wilche,Hans Rudolph,
3009,Williamson,,
3010,Wittaker,,
3011,Wuhrel,Friedrich,
3012,Wunderlich,Georg,
3013,Wursching,Lorenz,
3014,Yarborought,,
3015,Zagni,Marino,Marat
3016,Zamacois,Edoardo,Zama
3017,Zambecco,Arnaldo,
3018,Zambecco,Marziano,Marsian
3019,Zambetti,Fermo Michele,Michele
3020,Zampedi,Oreste,
3021,Zampini,Irma,
3022,Zanardelli,Federico,
3023,Zanico,Ivo,Stalin
3024,Zanotti,Mario,Sergio
3025,Zapata,Eduardo,
3026,Zerbino,Paolo,
3027,Ziener,Waldemar,
3028,Zini Lamberti,Antonio,
3029,Zini Lamberti,Carlo,
3030,Zino,Mario,
3031,Zoccola,Piero,Martin
3032,Zola,Enrico,
3033,Zoppa,Etienne,
3034,Zoppa,Mino,
3035,Zoppi,Giacomo,
3036,Zorniotti,Agnese,Agnesina
3037,Zulin,Beppe,
3038,Zurletti,Beppe,
3039,de Fiore,Silvio,De Fiore
3040,d’Incisa,Costanzo,
3041,von Wiethinghoff,Heinrich,
