{
    "andare a trovare": {
		"VISITING": {
			"PER": {
				"nsubj": "AGENT",
				"dobj": "ENTITY",
				"nmod": {
					"con": "CO-AGENT"
				}
			},
			"LOC": {
				"a": "PLACE"
			},
			"HUMAN": {
				"dobj": "ENTITY"
			},
			"HUMAN_COLLECTIVE": {
				"dobj": "ENTITY"
			},
			"BUILDING": {
				"nmod": {
					"a": "PLACE",
					"nella": "PLACE"
				}
			}
		}
	},
    "aprire il fuoco": {
        "USE_FIREARM": {
            "WEAPON": {
                "nsubj": "FIREARM",
                "nmod": {
                    "con": "FIREARM",
                    "col": "FIREARM"
                }
            },
            "HUMAN_COLLECTIVE": {
                "nsubj": "AGENT",
                "nmod": {
                    "da": "AGENT",
                    "su": "TARGET",
                    "verso": "TARGET",
                    "contro": "TARGET",
                    "sui": "TARGET",
                    "sulla": "TARGET"
                }
            },
            "POST": {
                "nsubj": "SOURCE",
                "nmod": {
                    "da": "SOURCE",
                    "contro": "TARGET",
                    "sulle": "TARGET"
                }
            },
            "ORGANIZATION": {
                "nsubj": "AGENT",
                "nmod": {
                    "dal": "AGENT"
                }
            },
            "GROUP": {
                "nsubj": "AGENT",
                "nmod": {
                    "sulla": "TARGET",
                    "sulle": "TARGET",
                    "sul": "TARGET",
                    "contro": "TARGET"
                }
            },
            "POPULATED_PLACE": {
                "nmod": {
                    "in": "PLACE"
                }
            },
            "VEHICLE": {
                "nmod": {
                    "sui": "TARGET",
                    "dal": "SOURCE",
                    "sull'": "TARGET",
                    "contro": "TARGET"
                }
            },
            "BUILDING": {
                "nmod": {
                    "sulla": "TARGET",
                    "verso": "TARGET"
                }
            },
            "TIME": {
                "nmod": {
                    "nello": "TIME"
                }
            },
            "ORG": {
                "nsubj": "AGENT"
            },
            "LOC": {
                "nmod": {
                    "da": "SOURCE",
                    "ad": "PLACE"
                }
            },
            "PER": {
                "nsubj": "AGENT"
            },
            "HUMAN": {
                "nmod": {
                    "contro": "TARGET"
                }
            },
			"DATE": {
				"nummod": "TIME",
				"nmod": "TIME"
				
			}
        }
    },
    "cadere in una imboscata": {
        "ATTACK": {
            "PER": {
                "nsubj": "VICTIM"
            },
            "LOC": {
                "nmod": {
                    "a": "PLACE"
                }
            },
			"ROAD": {
				"nmod": {
					"sulla": "PLACE"
				}
			}	

        }
    },
    "cadere nella mano": {
		"TAKING_CAPTIVE": {
			"HUMAN_COLLECTIVE": {
				"nmod": {
					"dei": "CAPTOR",
					"degli": "CAPTOR"
				}
			},
			"ORG": {
				"nmod": {
					"della": "CAPTOR",
					"dell'": "CAPTOR"
				}
			},
			"GROUP": {
				"nmod": {
					"delle": "CAPTOR"
				}
			},
			"PER": {
				"nsubj": "CAPTIVE"
			}
		},
		"CONQUERING": {
			"LOC": {
				"nsubj": "THEME"
			},
			"HUMAN_COLLECTIVE": {
				"nmod": {
					"degli": "CONQUEROR"
				}
			},
			"POST": {
				"nsubj": "THEME"
			},
			"DATE": {
				"nummod": "TIME" 
			}
		}
		
	},
    "cadere prigioniero": {
        "TAKING_CAPTIVE": {
            "HUMAN_COLLECTIVE": {
				"nsubj": "CAPTIVE",
                "nmod": {
                    "dei": "CAPTOR",
                    "degli": "CAPTOR"
                }
            },
            "HUMAN": {
                "nsubj": "CAPTIVE"
            },
            "PLACE": {
                "nmod": {
                    "in": "PLACE"
                }
            },
            "ORGANIZATION": {
                "nsubj": "CAPTIVE",
				"nmod": {
					"dell'": "CAPTOR"
				}
            },
			"ORG": {
				"nmod": {
					"dell'": "CAPTOR"
				}
			},
			"GROUP": {
				"nmod": {
					"dell'": "CAPTOR",
					"delle": "CAPTOR"
				}
			}
        }
    },
    "colpire a morte": {
        "KILLING": {
            "WEAPON": {
                "nsubj": "INSTRUMENT",
                "nmod": {
                    "da": "INSTRUMENT",
                    "dalle": "INSTRUMENT"
                }
            },
            "EVENT": {
                "nsubj": "CONTAINING_EVENT",
                "nmod": {
                    "nello": "CONTAINING_EVENT",
                    "nel": "CONTAINING_EVENT",
					"durante": "CONTAINING_EVENT"
                }
            },
            "PER": {
                "nsubjpass": "VICTIM"
            },
            "LOC": {
                "nmod": {
                    "a": "PLACE"
                }
            },
            "HUMAN": {
                "nsubjpass": "VICTIM",
				"dobj": "VICTIM"
            },
            "ROAD": {
                "nmod": {
                    "sulla": "PLACE"
                }
            },
			"POPULATED_PLACE": {
				"nmod": {
					"nel": "PLACE"
				}
			},
			"DATE": {
				"nummod": "TIME"
			},
			"DURATION": {
				"nmod": "TIME"
			}

        }
    },
    "dare alla fiamma": {
        "SETTING_FIRE": {
            "POPULATED_PLACE": {
                "nsubjpass": "FLAMMABLES",
				"dobj": "FLAMMABLES"
            },
            "BUILDING": {
                "dobj": "FLAMMABLES",
                "nsubjpass": "FLAMMABLES",
				"nmod": {
					"nella": "PLACE"
				}
            },
            "LOC": {
                "nsubjpass": "FLAMMABLES"
            },
            "FACILITY": {
                "dobj": "FLAMMABLES"
            },
            "HUMAN_COLLECTIVE": {
                "nsubj": "KINDLER",
                "nmod": {
                    "dai": "KINDLER"
                }
            },
            "INFRASTRUCTURE": {
                "nmod": {
                    "nella": "PLACE"
                }
            },
            "VEHICLE": {
                "nsubjpass": "FLAMMABLES",
				"dobj": "FLAMMABLES"
            },
			"DATE": {
				"nummod": "TIME"
			}
        }
    },
    "dare la caccia": {
        "CHASE": {
            "HUMAN_COLLECTIVE": {
                "nsubj": "CHASER",
                "nmod": {
                    "ai": "CHASED_ENTITY",
                    "agli": "CHASED_ENTITY"
                }
            },
            "HUMAN": {
                "nmod": {
                    "a": "CHASED_ENTITY",
                    "all'": "CHASED_ENTITY"
                }
            },
            "DURATION": {
                "nmod": {
                    "da": "DURATION"
                }
            }
        }

    },
    "dare vita": {
        "CREATE_SOCIAL_ENTITY": {
            "ORG": {
				"nsubj": "FOUNDER",
                "nmod": {
                    "ad": "CREATED_ENTITY",
					"al": "CREATED_ENTITY",
					"all'": "CREATED_ENTITY",
					"alla": "CREATED_ENTITY"
                }
            },
            "HUMAN_COLLECTIVE": {
                "nsubj": "FOUNDER",
				"nmod": {
					"con": "CO-FOUNDER"
				}
            },
			"GROUP": {
				"nmod": {
					"ai": "CREATED_ENTITY",
					"al": "CREATED_ENTITY"
				}
			},
			"ORGANIZATION": {
				"nmod": {
					"a": "CREATED_ENTITY",
					"ad": "CREATED_ENTITY",
					"alla": "CREATED_ENTITY",
					"alle": "CREATED_ENTITY"
				}
			},
			"PER": {
				"nsubj": "FOUNDER",
				"nmod": {
					"con": "CO-FOUNDER"
				}
			},
			"DATE": {
				"nummod": "TIME",
				"nmod": {
					"dal": "TIME",
					"nell'": "TIME",
					"nel": "TIME"
				}
			},
			"DURATION": {
				"nmod": {
					"nei": "TIME",
					"dopo": "TIME",
					"nel": "TIME"
					
				}
			},
			"LOC": {
				"nmod": {
					"a": "PLACE",
					"in": "PLACE"
				}
			}
        }
    },
    "dare la vita": {
		"DEATH": {
			"HUMAN": {
				"nsubj": "PROTAGONIST"
			},
			"DATE": {
				"nmod": "TIME"
			}
		}
	},
    "diventare membro": {
		"BECOMING_A_MEMBER": {
			"PER": {
				"nsubj": "NEW_MEMBER"
			},
			"ORGANIZATION": {
				"nmod": {
					"del": "GROUP"
				}
			},
			"GROUP": {
				"nmod": {
					"del": "GROUP"
				}
			},
			"LOC": {
				"nmod": {
					"a": "PLACE"
				}
			},
			"ORG": {
				"nmod": {
					"del": "GROUP",
					"dell'": "GROUP"
				}
			}
		}
	},
    "entrare a fare parte": {
        "BECOMING_A_MEMBER": {
			"PER": {
				"nsubj": "NEW_MEMBER"
			},
            "ORG": {
                "nmod": {
                    "della": "GROUP",
                    "del": "GROUP",
                    "di": "GROUP",
					"dell'": "GROUP"
                }
            },
            "GROUP": {
                "nmod": {
                    "delle": "GROUP",
                    "della": "GROUP",
                    "del": "GROUP",
					"dei": "GROUP"
                }
            },
            "LOC": {
                "nmod": {
                    "a": "PLACE",
					"in": "PLACE"
                }
            },
            "ORGANIZATION": {
                "nsubj": "NEW_MEMBER",
                "nmod": {
                    "della": "GROUP",
                    "di": "GROUP",
                    "del": "GROUP",
                    "dell'": "GROUP",
					"delle": "GROUP",
					"dei": "GROUP"
                }
            },
            "DATE": {
				"nummod": "TIME",
                "nmod": {
                    "nel": "TIME",
					"ai": "TIME",
					"fra": "TIME"
                }
            },
            "HUMAN": {
                "nsubj": "NEW_MEMBER",
				"nmod": {
					"insieme": "CO_NEW_MEMBER"
				}
            },
            "HUMAN_COLLECTIVE": {
                "nmod": {
                    "degli": "GROUP"
                }
            },
			"EVENT": {
				"nmod": {
					"dopo": "PRECEDING_EVENT"
				}
			},
			"DURATION": {
				"nmod": {
					"dai": "TIME"
				}
			},
			"PLACE": {
				"nmod": {
					"nel": "PLACE"
				}
			}
        }
    },
    "entrare in contatto": {
		"CONTACTING": {
			"HUMAN_COLLECTIVE": {
				"nsubj": "COMMUNICATOR",
				"nmod": {
					"con": "ADDRESSEE"
				}
			},
			"PER": {
				"nsubj": "COMMUNICATOR",
				"nmod": {
					"con": "ADDRESSEE"
				}
			},
			"GROUP": {
				"nmod": {
					"con": "ADDRESSEE"
				}
			},
			"LOC": {
				"nmod": {
					"a": "PLACE",
					"in": "PLACE"
				}
			},
			"ORG": {
				"nmod": {
					"con": "ADDRESSEE"
				}
			},
			"ORGANIZATION": {
				"nmod": {
					"con": "ADDRESSEE"
				}
			},
			"DATE": {
				"nummod": "TIME",
				"nmod": {
					"alla": "TIME",
					"nell'": "TIME",
					"nel": "TIME",
					"nella": "TIME"
				}
			}
		}
	},
	"entrare in collegamento": {
		"CONTACTING": {
			"HUMAN_COLLECTIVE": {
				"nmod": {
					"con": "ADDRESSEE"
				}
			},
			"POPULATED_PLACE": {
				"nmod": {
					"nella": "PLACE"
				}
			},
			"HUMAN": {
				"nsubj": "COMMUNICATOR"
			},
			"ORGANIZATION": {
				"nmod": {
					"con": "ADDRESSEE"
				}
			}
		}
	},
    "essere in marcia": {
        "MOTION": {
            "LOC": {
                "nmod": {
                    "da": "SOURCE",
                    "verso": "INTENDED_GOAL"
                }
            },
            "BUILDING": {
                "nmod": {
                    "verso": "INTENDED_GOAL"
                }
            },
            "GROUP": {
                "nsubj": "MOVER"
            },
            "HUMAN_COLLECTIVE": {
                "nsubj": "MOVER"
            },
			"RELATIVE_LOCATION": {
				"nmod": {
					"verso": "DIRECTION"
				}
			},
			"DATE": {
				"nmod": {
					"dall'": "TIME"
				}
			},
			"LINE": {
				"nmod": {
					"oltre": "PLACE"
				}
			}
        }
    },
    "essere situare": {
        "BEING_LOCATED": {
            "BUILDING": {
                "nsubj": "THEME"
            },
            "QUANTIFIER": {
                "nmod": {
                    "a": "DISTANCE"
                }
            },
            "PATH": {
                "nmod": {
                    "sul": "LOCATION"
                } 
            },
			"POST": {
				"nsubj": "THEME"
			},
			"LOC": {
				"nmod": {
					"sul": "LOCATION",
					"a": "LOCATION"
				}
			},
			"FACILITY": {
				"nsubj": "THEME"
			},
			"INFRASTRUCTURE": {
				"nmod": {
					"in": "LOCATION"
				}
			},
			"GEOPHYS_F": {
				"nmod": {
					"in": "AREA",
					"sulla": "AREA"
				}
			},
			"ROAD": {
				"nmod": {
					"sul": "AREA"
				}
			}

        },
        "BEING_IN_PLACE": {
            "HUMAN_COLLECTIVE": {
                "nsubj": "THEME"
            },
            "ROAD": {
                "nmod": {
                    "sulla": "AREA",
					"lungo": "AREA"
                }
            },
            "PER": {
                "nsubj": "THEME"
            },
            "ORGANIZATION": {
                "nsubj": "THEME"
            },
            "GEOPHYS_F": {
                "nmod": {
                    "sulla": "AREA",
					"in": "AREA"
                }
            },
			"LOC": {
				"nmod": {
					"a": "LOCATION"
				}
			},
			"UNIT_OF_MEASURE": {
				"nmod": {
					"a": "DISTANCE"
				}
			}
        }
    },
    "fare la conoscenza": {
		"MAKE_ACQUAITANCE": {
			"HUMAN": {
				"nmod": {
					"con": "INDIVIDUAL_2"
				}
			},
			"PER": {
				"nsubj": "INDIVIDUAL_1",
				"nmod": {
					"di": "INDIVIDUAL_2"
				}
			},
			"FACILITY": {
				"nmod": {
					"al": "PLACE"
				}
			},
			"DETENTION_PLACE": {
				"nmod": {
					"nello": "PLACE"
				}
			},
			"HUMAN_COLLECTIVE": {
				"nmod": {
					"di": "INDIVIDUAL_2"
				}
			}
		}
	},
    "fare fuoco": {
        "USE_FIREARM": {
            "LOC": {
                "nmod": {
                    "presso": "PLACE"
                }
            },
            "GROUP": {
				"nsubj": "AGENT",
                "nmod": {
                    "su": "TARGET"
                }
            },
            "HUMAN_COLLECTIVE": {
                "nsubj": "AGENT",
                "nmod": {
                    "sui": "TARGET"
                }
            },
            "WEAPON": {
                "nsubj": "FIREARM",
                "nmod": {
                    "con": "FIREARM"
                }
            },
			"BUILDING": {
				"nmod": {
					"dalle": "SOURCE"
				}
			},
			"GEOPHYS_F": {
				"nmod": {
					"sul": "PLACE"
				}
			},
			"INFRASTRUCTURE": {
				"nmod": {
					"dal": "SOURCE"
				}
			},
			"TIME": {
				"nummod": "TIME"
			}
        }
    },
    "fare irruzione": {
		"ARRIVING": {
			"ORG": {
				"nsubj": "MOVER"
			},
			"BUILDING": {
				"nmod": {
					"in": "GOAL",
					"nella": "GOAL"
				}
			},
			"LOC": {
				"nmod": {
					"in": "GOAL",
					"a": "GOAL",
					"nella": "GOAL"
				}
			},
			"HUMAN_COLLECTIVE": {
				"nsubj": "MOVER"
			},
			"DURATION": {
				"nmod": {
					"nella": "TIME",
					"dopo": "TIME"
				}
			},
			"POPULATED_PLACE": {
				"nmod": {
					"nella": "GOAL",
					"in": "GOAL",
					"nei": "GOAL"
				}
			},
			"TIME": {
				"nmod": "TIME",
				"nummod": "TIME"
			},
			"BUILDING_PART": {
				"nmod": {
					"nel": "GOAL",
					"attraverso": "PATH",
					"nella": "GOAL"
				}
			},
			"PLACE": {
				"nmod": {
					"sul": "GOAL"
				}
			},
			"GROUP": {
				"nsubj": "MOVER",
				"nmod": {
					"con": "MOVER"
				}
			},
			"FACILITY": {
				"nmod": {
					"nell'": "GOAL",
					"in": "GOAL",
					"negli": "GOAL"
				}
			},
			"ORGANIZATION": {
				"nsubj": "MOVER"
			},
			"DATE": {
				"nummod": "TIME",
				"nmod": {
					"nel": "TIME"
				}
			}
		}
	},
    "fare parte": {
        "MEMBERSHIP": {
            "HUMAN_COLLECTIVE": {
                "nsubj": "MEMBER",
				"nmod": {
					"dei": "GROUP"
				}
            },
            "GROUP": {
                "nmod": {
                    "di": "GROUP",
                    "delle": "GROUP",
                    "del": "GROUP",
                    "della": "GROUP"
                }
            },
            "ORGANIZATION": {
				"nsubj": "MEMBER",
                "nmod": {
                    "della": "GROUP",
                    "dell'": "GROUP",
                    "dei": "GROUP",
                    "del": "GROUP",
					"di": "GROUP"
                }
            },
            "ORG": {
                "nmod": {
                    "della": "GROUP",
					"dell'": "GROUP",
					"delle": "GROUP",
					"dei": "GROUP"
                }
            },
            "PER": {
                "nsubj": "MEMBER",
				"nmod": {
					"assieme": "CO-MEMBER"
				}
            },
            "HUMAN": {
                "nsubj": "MEMBER"
            },
			"DURATION": {
				"nmod": {
					"per": "DURATION"
				}
			},
			"DATE": {
				"nummod": "TIME",
				"nmod": {
					"sino": "TIME",
					"al": "TIME",
					"nel": "TIME",
					"a": "TIME"
				} 
			},
			"EVENT": {
				"nmod": {
					"dopo": "PRECEDING_EVENT"
				}
			}
        }
    },
    "fare prigioniero": {
        "TAKING_CAPTIVE": {
            "HUMAN_COLLECTIVE": {
                "nsubjpass": "CAPTIVE",
                "dobj": "CAPTIVE",
                "nmod": {
                    "di": "CAPTOR",
                    "dai": "CAPTOR",
					"dagli": "CAPTOR",
					"con": "CO-CAPTIVE"
                }
            },
            "PER": {
                "nsubjpass": "CAPTIVE",
                "dobj": "CAPTIVE",
				"nmod": {
					"da": "CAPTOR"
				}

            },
            "HUMAN": {
                "nsubjpass": "CAPTIVE",
                "dobj": "CAPTIVE"
            },
            "GEOPHYS_F": {
                "nmod": {
                    "nei": "PLACE",
                    "nel": "PLACE"
                }
            },
            "GROUP": {
				"nsubjpass": "CAPTIVE",
                "nsubj": "CAPTOR",
                "nmod": {
                    "da": "CAPTOR"
                }
            },
            "LOC": {
                "nmod": {
                    "in": "PLACE",
                    "a": "PLACE"
                }
            },
            "ORGANIZATION": {
                "nsubjpass": "CAPTIVE",
                "nsubj": "CAPTOR",
				"nmod": {
					"dalle": "CAPTOR",
					"dall'": "CAPTOR"
				}
            },
            "VEHICLE": {
                "nmod": {
                    "sul": "PLACE"
                }
            },
            "POST": {
                "dobj": "CAPTIVE"
            },
			"EVENT": {
				"nmod": {
					"durante": "CONTAINING_EVENT",
					"nel": "CONTAINING_EVENT",
					"dopo": "PRECEDING_EVENT"
				}
			},
			"ORG": {
				"nmod": {
					"dalle": "CAPTOR"
				}
			},
			"POPULATED_PLACE": {
				"nmod": {
					"in": "PLACE"
				}
			},
			"DATE": {
				"nummod": "TIME",
				"nmod": {
					"nel": "TIME",
					"nell'": "TIME"
				}
			},
			"DURATION": {
				"nmod": "TIME"
			}
        }
    },
    "fare saltare": {
        "DESTROYING": {
            "INFRASTRUCTURE": {
                "dobj": "PATIENT"
            },
            "LOC": {
				"dobj": "PATIENT",
                "nmod": {
                    "sul": "PLACE",
                    "a": "PLACE",
                    "fra": "PLACE"
                }
            },
            "BUILDING": {
                "dobj": "PATIENT",
                "nsubjpass": "PATIENT"
            },
            "ROAD": {
                "dobj": "PATIENT"
            },
            "HUMAN_COLLECTIVE": {
                "nsubj": "DESTROYER",
                "nmod": {
                    "dai": "DESTROYER"
                }
            },
			"GROUP": {
				"nsubj": "DESTROYER"
			},
            "BUILDING_PART": {
                "dobj": "PATIENT"
            },
            "POPULATED_PLACE": {
				"dobj": "PATIENT",
                "nmod": {
                    "in": "PLACE"
                }
            },
            "DURATION": {
                "nmod": {
                    "nello": "TIME",
                    "nel": "TIME",
                    "nella": "TIME",
					"durante": "TIME"
                }
            },
            "TIME": {
                "nmod": {
                    "in": "TIME"
                }
            },
            "WEAPON": {
                "nmod": {
                    "con": "INSTRUMENT"
                }
            },
            "VEHICLE": {
                "dobj": "PATIENT",
                "nsubjpass": "PATIENT"
            },
            "ORGANIZATION": {
                "nsubj": "DESTROYER"
            },
			"DATE": {
				"nummod": "TIME"
			}
        },
        "DETONATE_EXPLOSIVE": {
            "WEAPON": {
                "dobj": "EXPLOSIVE"
            },
            "HUMAN_COLLECTIVE": {
                "nsubj": "DESTROYER",
                "nmod": {
                    "dai": "DESTROYER"
                }
            }
        }
    },
    "fare saltare in aria": {
        "DESTROYING": {
            "BUILDING": {
                "dobj": "PATIENT"
            },
            "VEHICLE": {
                "dobj": "PATIENT"
            },
            "BUILDING_PART": {
                "dobj": "PATIENT"
            },
            "LOC": {
                "dobj": "PATIENT"
            },
            "INFRASTRUCTURE": {
                "dobj": "PATIENT"
            }
        }
    },
    "ferire a morte": {
		"KILLING": {
			"LOC": {
				"nmod": {
					"a": "PLACE"
				}
			},
			"PER": {
				"nsubjpass": "VICTIM"
			},
			"HUMAN": {
				"dobj": "VICTIM"
			},
			"HUMAN_COLLECTIVE": {
				"nsubj": "KILLER"
			},
			"WEAPON": {
				"nmod": {
					"con": "INSTRUMENT"
				}
			}
		}	
	},
    "finire deportare": {
        "DEPORTATION": {
            "PER": {
                "nsubj": "DEPORTED"
            },
            "LOC": {
                "nmod": {
                    "in": "GOAL"
                }
            }
        }
    },
    "mettere in marcia": {
        "DEPARTING": {
            "GROUP": {
                "nsubj": "MOVER"
            },
            "POPULATED_PLACE": {
                "nmod": {
                    "verso": "INTENDED_GOAL"
                }
            },
            "HUMAN_COLLECTIVE": {
                "nsubj": "MOVER"
            },
            "PER": {
                "nsubj": "MOVER",
                "nmod": {
                    "con": "CO-MOVER"
                }
            },
            "LOC": {
                "nmod": {
                    "per": "INTENDED_GOAL",
                    "verso": "INTENDED_GOAL",
					"da": "SOURCE"
                }
            },
            "VEHICLE": {
                "nmod": {
                    "con": "MODE_OF_TRANSPORTATION"
                }
            },
            "POST": {
                "nmod": {
                    "dalle": "SOURCE"
                }
            },
			"ORGANIZATION": {
				"nsubj": "MOVER"
			},
			"HUMAN": {
				"nsubj": "MOVER"
			},
			"DURATION": {
				"nmod": {
					"dalle": "TIME"
				}
			},
			"SET": {
				"nmod": {
					"al": "TIME"
				}
			},
			"TIME": {
				"nummod": "TIME"
			}
        }
    },
	"passare per la arma": {
		"EXECUTION": {
			"HUMAN_COLLECTIVE": {
				"dobj": "EXECUTED",
				"nsubjpass": "EXECUTED",
				"nmod": {
					"dai": "EXECUTIONER"
				}
			},
			"HUMAN": {
				"nsubjpass": "EXECUTED"
			},
			"POPULATED_PLACE": {
				"nmod": {
					"in": "PLACE"
				}
			},
			"PLACE": {
				"nmod": {
					"nella": "PLACE"
				}
			},
			"DATE": {
				"nummod": "TIME"
			}
		}
	
	},
    "portare in salvo": {
        "RESCUING": {
			"PER": {
				"nsubjpass": "RESCUED",
				"nmod": {
					"da": "AGENT"
				}
			},
            "HUMAN_COLLECTIVE": {
				"nsubjpass": "RESCUED",
                "dobj": "RESCUED",
                "nsubj": "AGENT"
            },
            "HUMAN": {
				"nsubjpass": "RESCUED",
                "dobj": "RESCUED",
                "nmod": {
                    "da": "AGENT"
                }
            },
            "VEHICLE": {
                "dobj": "ASSET"
            },
            "WEAPON": {
                "dobj": "ASSET"
            },
			"LOC": {
				"nmod": {
					"in": "PLACE",
					"a": "PLACE"
				}
			},
			"ORGANIZATION": {
				"dobj": "ASSET"
			},
			"GEOPHYS_F": {
				"nmod": {
					"sulle": "PLACE",
					"nei": "PLACE"
				}
			},
			"PLACE": {
				"nmod": {
					"in": "PLACE"
				}
			},
			"BUILDING": {
				"nmod": {
					"sino": "SAFE_PLACE"
				}
			}
        }
    },
    "passare la notte": {
		"TEMPORARY_STAY": {
			"INFRASTRUCTURE": {
				"nmod": {
					"in": "LOCATION"
				}
			},
			"GEOPHYS_F": {
				"nmod": {
					"in": "LOCATION",
					"su": "PLACE",
					"nel": "PLACE",
					"nella": "LOCATION"
				}
			},
			"FACILITY": {
				"nmod": {
					"all'": "LOCATION"
				}
			},
			"LOC": {
				"nmod": {
					"a": "PLACE",
					"al": "LOCATION",
					"sopra": "PLACE"
				}
			},
			"BUILDING": {
				"nmod": {
					"in": "LOCATION",
					"nella": "LOCATION"
				}
			},
			"BUILDING_PART": {
				"nmod": {
					"nella": "LOCATION",
					"nei": "LOCATION"
				}
			},
			"DATE": {
				"nummod": "TIME",
				"nmod": {
					"a": "TIME"
				}
			}
		}
	},
    "prendere da assalto": {
        "ATTACK": {
            "LOC": {
				"dobj": "TARGET",
                "nmod": {
					"in": "PLACE"
				}
            },
            "HUMAN_COLLECTIVE": {
                "nsubj": "ASSAILANT",
				"nmod": {
					"dai": "ASSAILANT"
				}
            },
			"DATE": {
				"nmod": "TIME"
			}
        }
    },
    "perdere la vita": {
        "DEATH": {
            "PER": {
                "nsubj": "PROTAGONIST"
            },
            "EVENT": {
                "nmod": {
                    "nel": "CONTAINING_EVENT",
                    "in": "CONTAINING_EVENT",
					"nello": "CONTAINING_EVENT",
					"nell'": "CONTAINING_EVENT",
					"negli": "CONTAINING_EVENT",
					"durante": "CONTAINING_EVENT"
                }
            },
			"HUMAN": {
				"nsubj": "PROTAGONIST"
			},
			"HUMAN_COLLECTIVE": {
				"nsubj": "PROTAGONIST"
			},
			"ORGANIZATION": {
				"nsubj": "PROTAGONIST"
			},
			"POPULATED_PLACE": {
				"nmod": {
					"in": "PLACE",
					"nella": "PLACE"
				}
			},
			"DATE": {
				"nummod": "TIME"
			},
			"WATERFLOW": {
				"nmod": {
					"sul": "PLACE"
				}
			}
        }
    },
    "restare ferire": {
		"CAUSE_HARM": {
			"LINE": {
				"nmod": {
					"sul": "PLACE"
				}
			},
			"BODY_PART": {
				"nmod": {
					"ad": "BODY_PART"
				}
			},
			"WEAPON": {
				"nmod": {
					"da": "INSTRUMENT"
				}
			}
		}
	},
    "rimanere ferire": {
        "CAUSE_HARM": {
            "HUMAN": {
                "nsubj": "PATIENT"
            },
            "PER": {
                "nsubj": "PATIENT"
            },
            "EVENT": {
                "nmod": {
                    "in": "CONTAINING_EVENT",
					"durante": "CONTAINING_EVENT",
					"nell'": "CONTAINING_EVENT",
					"nello": "CONTAINING_EVENT"
                }
            },
			"BODY_PART": {
				"nmod": {
					"a": "BODY_PART",
					"ad": "BODY_PART",
					"alla": "BODY_PART",
					"al": "BODY_PART"
				}
			},
			"LOC": {
				"nmod": {
					"a": "PLACE",
					"sul": "PLACE"
				}
			},
			"DATE": {
				"nummod": "TIME"
			}
        }	
    },
    "rispondere al fuoco": {
        "USE_FIREARM": {
            "BUILDING_PART": {
                "nmod": {
                    "da": "SOURCE"
                }
            },
            "HUMAN_COLLECTIVE": {
                "nsubj": "AGENT",
				"nmod": {
					"dei": "TARGET"
				}
            },
			"POST": {
				"nsubj": "AGENT"
			},
			"VEHICLE": {
				"nmod": {
					"dagli": "SOURCE"
				}
			},
			"WEAPON": {
				"nsubj": "FIREARM",
				"nmod": {
					"con": "FIREARM"
				}
			},
			"HUMAN": {
				"nsubj": "AGENT"
			},
			"DURATION": {
				"nmod": {
					"nel": "TIME"
				}
			}
        }
    },
    "saltare in aria": {
		"DESTROYING": {
			"VEHICLE": {
				"dobj": "PATIENT"
			},
			"INFRASTRUCUTRE": {
				"dobj": "PATIENT",
				"nsubjpass": "PATIENT"
			},
			"LOC": {
				"dobj": "PATIENT"
			},
			"BUILDING": {
				"dobj": "PATIENT"
			},
			"DURATION": {
				"nmod": {
					"nei": "TIME",
					"nella": "TIME"
				}
			},
			"BUILDING_PART": {
				"dobj": "PATIENT"
			},
			"POPULATED_PLACE": {
				"dobj": "PATIENT"
			},
			"HUMAN_COLLECTIVE": {
				"nsubj": "AGENT",
				"nmod": {
					"dai": "AGENT"
				}
			},
			"GROUP": {
				"nsubj": "AGENT",
				"nmod": {
					"dalle": "AGENT"
				}
			},
			"FACILITY": {
				"dobj": "PATIENT" 
			},
			"DATE": {
				"nummod": "TIME"
			}
		}
	},
	"salire al potere": {
		"CHANGE_OF_LEADERSHIP": {
			"PER": {
				"nsubj": "NEW_LEADER"
			},
			"DATE": {
				"nmod": {
					"nell'": "TIME"
				}
			}
		}
	},
    "stringere da assedio": {
        "BESIEGING": {
            "POPULATED_PLACE": {
                "dobj": "TARGET"
            }
        }
    },
    "tendere un imboscata": {},
    "trarre in arresto": {
        "ARREST": {
            "HUMAN": {
                "dobj": "SUSPECT"
            },
			"HUMAN_COLLECTIVE": {
				"nmod": {
					"dai": "ARRESTER"
				}
			},
			"LOC": {
				"nmod": {
					"in": "PLACE"
				}
			},
			"DATE": {
				"nummod": "TIME"
			}
        }
    },
    "trarre in salvo": {
        "RESCUING": {
            "HUMAN": {
                "dobj": "RESCUED"
            },
            "PER": {
                "nsubjpass": "RESCUED"
            }
        }
    },
    "trovare rifugio": {
		"TAKE_SHELTER": {
			"BUILDING": {
				"nmod": {
					"in": "SAFE_PLACE",
					"presso": "SAFE_PLACE",
					"nella": "SAFE_PLACE",
					"nei": "SAFE_PLACE",
					"nelle": "SAFE_PLACE",
					"a": "SAFE_PLACE"
				}
			},
			"GROUP": {
				"nsubj": "ENDANGERED_ENTITY"
			},
			"ORGANIZATION": {
				"nsubj": "ENDANGERED_ENTITY",
				"nmod": {
					"in": "PROTECTION",
					"presso": "PROTECTION"
				}
			},
			"EVENT": {
				"nmod": {
					"dopo": "PRECEDING_EVENT"
				}
			},
			"LOC": {
				"nmod": {
					"in": "SAFE_PLACE",
					"presso": "SAFE_PLACE",
					"a": "SAFE_PLACE"
				}
			},
			"BUILDING_PART": {
				"nmod": {
					"NEL": "SAFE_PLACE"
				}
			},
			"PLACE": {
				"nmod": {
					"nella": "SAFE_PLACE",
					"in": "SAFE_PLACE"
				}
			},
			"GEOPHYS_F": {
				"nmod": {
					"nelle": "SAFE_PLACE",
					"sui": "SAFE_PLACE"
				}
			},
			"HUMAN_COLLECTIVE": {
				"nsubj": "ENDANGERED_ENTITY"
			},
			"POPULATED_PLACE": {
				"nmod": {
					"in": "SAFE_PLACE",
					"nel": "SAFE_PLACE"
				}
			},
			"HUMAN": {
				"nsubj": "ENDANGERED_ENTITY"
			},
			"PER": {
				"nsubj": "ENDANGERED_ENTITY",
				"nmod": {
					"insieme": "ENDANGERED_ENTITY"
				}
			},
			"DATE": {
				"nmod": {
					"nell'": "TIME"
				}
			}
		}
	},
    "trovare riunire": {
		"COME_TOGETHER": {
			"LOC": {
				"nmod": {
					"in": "PLACE",
					"a": "PLACE",
					"sulla": "PLACE"
				}
			},
			"ORGANIZATION": {
				"nsubj": "GROUP"
			},
			"GEOPHYS_F": {
				"nmod": {
					"in": "PLACE"
				}
			}
		}
	},
    "trovare sistemazione": {
		"TEMPORARY_STAY": {
			"LOC": {
				"a": "PLACE",
				"nel": "LOCATION"
			},
			"BUILDING": {
				"nmod": {
					"nei": "LOCATION"
				}
			}
		}
	
	},
    "venire via": {
        "DEPARTING": {
            "ORGANIZATION": {
                "nsubj": "MOVER"
            },
            "HUMAN_COLLECTIVE": {
                "nmod": {
                    "con": "CO-MOVER"
                }
            },
            "EVENT": {
                "nmod": {
                    "dopo": "PRECEDING_EVENT"
                }
            },
            "DATE": {
                "nmod": {
                    "prima": "TIME"
                }
            },
            "LOC": {
                "nmod": {
                    "da": "SOURCE"
                }
            },
            "HUMAN": {
                "nsubj": "MOVER"
            }

        }
    },
    "passare al contrattacco": {
        "COUNTERATTACK": {
            "PER": {
                "nsubj": "ASSAILANT"
            },
            "HUMAN_COLLECTIVE": {
                "nsubj": "ASSAILANT"
            },
            "ORGANIZATION": {
                "nsubj": "ASSAILANT"
            },
            "WEAPON": {
                "nmod": {
                    "con": "INSTRUMENT"
                }
            },
            "DURATION": {
                "nmod": {
                    "dopo": "TIME"
                }
            }
        }
    },
    "trovare la morte": {
		"DEATH": {
			"LOC": {
				"nmod": {
					"in": "PLACE",
					"ad": "PLACE",
					"a": "PLACE"
				}
			},
			"EVENT": {
				"nmod": {
					"in": "CONTAINING_EVENT",
					"nello": "CONTAINING_EVENT",
					"nelle": "CONTAINING_EVENT",
					"durante": "CONTAINING_EVENT"
				}
			},
			"HUMAN_COLLECTIVE": {
				"nsubj": "PROTAGONIST",
				"nmod": {
					"insieme": "CO-PROTAGONIST"
				}
			},
			"HUMAN": {
				"nsubj": "PROTAGONIST"
			},
			"DATE": {
				"nummod": "TIME",
				"nmod": {
					"nello": "TIME",
					"nel": "TIME"
				}
			}
		}
	}
}