{
    "abbandono": {
        "QUIT_GROUP": {
            "GROUP": {
                "nmod": {
                    "della": "GROUP"
                }
            },
			"ORGANIZATION": {
				"nmod": {
					"della": "GROUP"
				}
			}
        },
		"QUITTING_A_PLACE": {
			"GEOPHYS_F": {
				"nmod": {
					"della": "SOURCE"
				}
			},
			"BUILDING": {
				"nmod": {
					"della": "SOURCE"
				}
			},
			"LOC": {
				"nmod": {
					"di": "SOURCE",
					"della": "SOURCE"
				}
			},
			"PLACE": {
				"nmod": {
					"del": "SOURCE"
				}
			},
			"POST": {
				"nmod": {
					"della": "SOURCE",
					"delle": "SOURCE"
				}
			},
			"POPULATED_PLACE": {
				"nmod": {
					"della": "SOURCE"
				}
			}
		}
    },
    "accerchiamento": {
        "BESIEGING": {
            "LOC": {
                "nmod": {
                    "di": "TARGET",
                    "della": "TARGET"
                }
			},
            "POST": {
                "nmod": {
                    "delle": "TARGET"
                }
            },
			"GROUP": {
				"nmod": {
					"delle": "TARGET"
				}
			},
			"ORG": {
				"nmod": {
					"di": "TARGET",
					"delle": "TARGET",
					"della": "TARGET"
				}
			},
			"ORGANIZATION": {
				"nmod": {
					"delle": "TARGET"
				}
			},
			"PLACE": {
				"nmod": {
					"nell'": "PLACE"
				}
			}
        }
    },
    "adesione": {
        "BECOMING_A_MEMBER": {
            "ORG": {
                "nmod": {
                    "a": "GROUP",
                    "al": "GROUP",
                    "alla": "GROUP",
                    "ai": "GROUP",
					"all'": "GROUP",
					"dell'": "NEW_MEMBER",
					"della": "NEW_MEMBER"
                }
            },
			"PER": {
				"nmod": {
					"di": "NEW_MEMBER"
				}
			},
			"ORGANIZATION": {
				"nmod": {
					"a": "GROUP",
					"al": "GROUP",
					"ad": "GROUP",
					"della": "NEW_MEMBER",
					"alle": "GROUP"
				}
			},
			"GROUP": {
				"nmod": {
					"ai": "GROUP",
					"al": "GROUP",
					"del": "NEW_MEMBER"
				}
			},
			"HUMAN_COLLECTIVE": {
				"nmod": {
					"dei": "NEW_MEMBER"
				}
			},
			"LOC": {
				"nmod": {
					"in": "PLACE"
				}
			},
			"DATE": {
				"nmod": {
					"in": "TIME"
				}
			}
        }
    },
    "adunata": {
        "ASSEMBLE": {
            "ORG": {
                "nmod": {
                    "della": "GROUP"
                }
            },
            "DURATION": {
                "nmod": {
                    "nel": "TIME"
                }
            },
			"LOC": {
				"nmod": {
					"a": "PLACE"
				}
			},
			"TIME": {
				"nmod": {
					"alle": "TIME"
				}
			},
			"ORGANIZATION": {
				"nmod": {
					"della": "GROUP"
				}
			}
        }
    },
    "agguato": {
        "ATTACK": {
            "DATE": {
                "nmod": {
                    "del": "TIME"
                }
            },
			"HUMAN_COLLECTIVE": {
				"nmod": {
					"ai": "VICTIM",
					"dei": "ASSAILANT"
				}
			},
			"ROAD": {
				"nmod": {
					"lungo": "PLACE",
					"sulle": "PLACE",
					"sulla": "PLACE"
				}
			},
			"LOC": {
				"nmod": {
					"di": "PLACE"
				}
			},
			"INFRASTRUCTURE": {
				"nmod": {
					"presso": "PLACE"
				}
			},
			"PLACE": {
				"nmod": {
					"in": "PLACE"
				}
			},
			"GROUP": {
				"nmod": {
					"delle": "ASSAILANT"
				}
			}
        }
    },
    "allontanamento": {
		"QUIT_GROUP": {
			"ORG": {
				"nmod": {
					"dalla": "GROUP"
				}
			},
			"ORGANIZATION": {
				"nmod": {
					"dalla": "GROUP"
				}
			}
		}
	},
	"apparizione": {},
    "appostamento": {},
    
    "arresto": {
        "ARREST": {
            "HUMAN": {
                "nmod": {
                    "di": "SUSPECT",
                    "del": "SUSPECT",
					"della": "SUSPECT",
					"dell'": "SUSPECT"
                }
            },
            "PER": {
                "nmod": {
                    "di": "SUSPECT"
                }
            },
            "LOC": {
                "nmod": {
                    "a": "PLACE",
					"in": "PLACE"
                }
            },
            "PLACE": {
                "nmod": "PLACE"
            },
			"HUMAN_COLLECTIVE": {
				"nmod": {
					"dei": "SUSPECT",
					"di": "SUSPECT",
					"degli": "SUSPECT",
					"dai": "ARRESTER",
					"insieme": "CO-SUSPECT"
				}
			},
			"DURATION": {
				"nmod": {
					"nella": "TIME",
					"nei": "TIME",
					"nell'": "TIME"
				}
			},
			"ORG": {
				"nmod": {
					"della": "ARRESTER"
				}
			},
			"EVENT": {
				"nmod": {
					"nel": "CONTAINING_EVENT"
				}
			},
			"DATE": {
				"nummod": {
					"nel": "TIME"
				},
				"nmod": {
					"del": "TIME",
					"di": "TIME",
					"nell'": "TIME",
					"nel": "TIME",
					"nella": "TIME"
				}
			},
			"GROUP": {
				"nmod": {
					"del": "SUSPECT"
				}
			}
        }
    },
    "arrivo": {
        "ARRIVING": {
            "HUMAN": {
                "nmod": {
                    "del": "MOVER",
                    "di": "MOVER",
					"d'": "MOVER",
					"della": "MOVER"
                }
            },
            "PER": {
                "nmod": {
                    "di": "MOVER",
					"con": "CO-MOVER",
					"del": "MOVER"
                }
            },
            "LOC": {
                "nmod": {
                    "da": "SOURCE",
                    "dal": "SOURCE",
                    "dai": "SOURCE",
                    "a": "GOAL",
                    "in": "GOAL",
					"alla": "GOAL",
					"nel": "GOAL",
					"ad": "GOAL"
                }
            },
            "PLACE": {
                "nmod": {
                    "nel": "GOAL",
                    "in": "GOAL"
                }
            },
            "HUMAN_COLLECTIVE": {
                "nmod": {
                    "dei": "MOVER",
					"degli": "MOVER",
					"di": "MOVER"
                }
            },
            "INFRASTRUCTURE": {
                "nmod": {
                    "in": "GOAL"
                }
            },
			"DURATION": {
				"nmod": {
					"in": "TIME",
					"a": "TIME",
					"nelle": "TIME",
					"verso": "TIME",
					"dopo": "TIME",
					"nel": "TIME"
				}
			},
			"GROUP": {
				"nmod": {
					"del": "MOVER",
					"della": "MOVER",
					"di": "MOVER",
					"delle": "MOVER"
				}
			},
			"ORGANIZATION": {
				"nmod": {
					"di": "MOVER",
					"delle": "MOVER",
					"del": "MOVER",
					"dell'": "MOVER"
				}
			},
			"BUILDING": {
				"nmod": {
					"alla": "GOAL",
					"alle": "GOAL",
					"dalle": "SOURCE"
				}
			},
			"VEHICLE": {
				"nmod": {
					"con": "MODE_OF_TRANSPORTATION",
					"in": "MODE_OF_TRANSPORTATION",
					"delle": "MOVER",
					"degli": "MOVER",
					"del": "MOVER",
					"dei": "MOVER",
					"sulla": "MODE_OF_TRANSPORTATION",
					"dell'": "MOVER",
					"di": "MOVER"
				}
			},
			"FACILITY": {
				"nmod": {
					"al": "GOAL",
					"all'": "GOAL",
					"alla": "GOAL"
				}
			},
			"POST": {
				"nmod": {
					"alla": "GOAL",
					"in": "GOAL"
				}
			},
			"ORG": {
				"nmod": {
					"delle": "MOVER",
					"della": "MOVER"
				}
			},
			"POPULATED_PLACE": {
				"nmod": {
					"al": "GOAL",
					"alla": "GOAL",
					"nella": "GOAL",
					"sulle": "GOAL"
				}
			},
			"GEOPHYS_F": {
				"nmod": {
					"attraverso": "PATH",
					"sul": "GOAL"
				}
			},
			"DATE": {
				"nmod": {
					"nel": "TIME",
					"dall'": "TIME"
				}
			},
			"TIME": {
				"nmod": "TIME",
				"nummod": {
					"verso": "TIME",
					"alle": "TIME"
				}
			},
			"DURATION": {
				"nmod": {
					"nelle": "TIME",
					"verso": "TIME",
					"in": "TIME",
					"nel": "TIME",
					"a": "TIME"
				}
			}
			
        }
    },

    "arruolamento": {
        "BECOMING_A_MEMBER": {
            "ORG": {
                "nmod": {
                    "nella": "GROUP",
                    "nelle": "GROUP",
                    "alla": "GROUP",
					"nell'": "GROUP"
                }
            },
			"HUMAN_COLLECTIVE": {
				"nmod": {
					"dei": "NEW_MEMBER",
					"di": "NEW_MEMBER",
					"degli": "NEW_MEMBER"
				}
			},
			"ORGANIZATION": {
				"nmod": {
					"negli": "GROUP",
					"nel": "GROUP",
					"in": "GROUP",
					"nelle": "GROUP"
				}
			},
			"LOC": {
				"nmod": {
					"in": "PLACE"
				}
			},
			"BUILDING": {
				"nmod": {
					"alla": "PLACE"
				}
			}
        }
    },
    "assalto": {
        "ATTACK": {
            "LOC": {
                "nmod": {
                    "di": "PLACE",
					"a": "PLACE"
                }
            },
            "BUILDING": {
                "nmod": {
                    "alla": "TARGET",
					"a": "TARGET",
					"di": "TARGET",
					"alle": "TARGET",
					"della": "TARGET",
					"ad": "TARGET",
					"al": "TARGET"
                }
            },
            "VEHICLE": {
                "nmod": {
                    "agli": "TARGET",
					"al": "TARGET",
					"a": "TARGET",
					"ad": "TARGET",
					"contro": "TARGET",
					"ai": "TARGET"
                }
            },
			"POST": {
				"nmod": {
					"delle": "TARGET",
					"della": "TARGET",
					"al": "TARGET",
					"contro": "TARGET",
					"ai": "TARGET"
				}
			},
			"DURATION": {
				"nmod": {
					"alla": "TIME",
					"nella": "TIME"
				}
			},
			"DATE": {
				"nummod": "TIME",
				"nmod": {
					"in": "TIME"
				}
			},
			"EVENT": {
				"nmod": {
					"durante": "CONTAINING_EVENT"
				}
			},
			"GEOPHYS_F": {
				"nmod": {
					"al": "TARGET"
				}
			},
			"ORGANIZATION": {
				"nmod": {
					"dell'": "ASSAILANT",
					"di": "ASSAILANT",
					"delle": "ASSAILANT",
					"degli": "ASSAILANT"
				}
			},
			"HUMAN_COLLECTIVE": {
				"nmod": {
					"dei": "ASSAILANT",
					"degli": "ASSAILANT"
				}
			},
			"INFRASTRUCTURE": {
				"nmod": {
					"alla": "TARGET",
					"all'": "TARGET",
					"ai": "TARGET"
				}
			},
			"GROUP": {
				"nmod": {
					"delle": "ASSAILANT",
					"alla": "TARGET"
				}
			},
			"DETENTION_PLACE": {
				"nmod": {
					"del": "TARGET"
				}
			},
			"POPULATED_PLACE": {
				"nmod": {
					"al": "TARGET"
				}
			},
			"WEAPON": {
				"nmod": {
					"con": "WEAPON"
				}
			},
			"LINE": {
				"nmod": {
					"sul": "PLACE"
				}
			},
			"ORG": {
				"nmod": {
					"degli": "ASSAILANT",
					"della": "ASSAILANT"
				}
			},
			"PLACE": {
				"nmod": {
					"nella": "PLACE"
				}
			},
			"FACILITY": {
				"nmod": {
					"dell'": "TARGET"
				}
			}
        }
    },
    "assassinio": {
    	"KILLING": {
			"PER": {
				"nmod": {
					"di": "VICTIM"
				}
			},	
			"HUMAN_COLLECTIVE": {
				"nmod": {
					"di": "VICTIM"
				}
			},
			"HUMAN": {
				"nmod": {
					"di": "VICTIM",
					"del": "VICTIM",
					"dell'": "VICTIM",
					"dello": "VICTIM"
				}
			},
			"DATE": {
				"nummod": "TIME",
				"nmod": {
					"nel": "TIME"
				}
			},
			"LOC": {
				"nmod": {
					"a": "PLACE"
				}
			}
		}
	},
    "assedio": {
        "BESIEGING": {
            "LOC": {
                "nmod": {
                    "di": "TARGET"
                }
            },
			"HUMAN_COLLECTIVE": {
				"nmod": {
					"ai": "TARGET"
				}
			},
			"BUILDING": {
				"nmod": {
					"delle": "TARGET"
				}
			},
			"POST": {
				"nmod": {
					"al": "TARGET"
				}
			},
			"POPULATED_PLACE": {
				"nmod": {
					"all'": "TARGET",
					"al": "TARGET",
					"della": "TARGET"
				}
			},
			"GROUP": {
				"nmod": {
					"delle": "ASSAILANT",
					"contro": "VICTIM"
				}
			},
			"DURATION": {
				"nmod": {
					"per": "DURATION"
				}
			}
        }
    },
    "attacco": {
        "ATTACK": {
            "LOC": {
                "nmod": {
                    "alla": "TARGET",
                    "in": "PLACE",
                    "a": "TARGET",
                    "ad": "PLACE",
                    "di": "PLACE",
                    "della": "PLACE",
                    "alle": "TARGET",
					"sul": "PLACE",
					"dal": "SOURCE",
					"da": "SOURCE",
					"dall'": "SOURCE",
					"su": "TARGET"
                }
            },
            "ORG": {
                "nmod": {
                    "alla": "TARGET",
                    "della": "ASSAILANT",
					"delle": "ASSAILANT"
                }
            },
            "POST": {
                "nmod": {
                    "al": "TARGET",
                    "contro": "TARGET",
                    "del": "TARGET",
					"alle": "TARGET",
					"ai": "TARGET"
                }
            },
            "HUMAN_COLLECTIVE": {
                "nmod": {
                    "ai": "TARGET",
                    "dei": "ASSAILANT",
                    "contro": "TARGET",
					"degli": "ASSAILANT"
                }
            },
            "GROUP": {
                "nmod": {
                    "del": "TARGET",
                    "ad": "TARGET",
                    "contro": "TARGET",
					"al": "TARGET",
					"di": "TARGET",
					"alle": "TARGET",
					"delle": "ASSAILANT"
                }
            },
            "GEOPHYS_F": {
                "nmod": {
                    "alle": "TARGET",
					"dalla": "SOURCE",
					"dal": "SOURCE"
                }
            },
            "BUILDING": {
                "nmod": {
                    "alle": "TARGET",
					"a": "TARGET",
					"alla": "TARGET",
					"contro": "TARGET",
					"ad": "TARGET"
                }
            },
			"DURATION": {
				"nmod": {
					"dopo": "TIME",
					"di": "TIME"
				}
			},
			"DATE": {
				"nummod": {
					"nmod": {
						"del": "TIME"
					}
				},
				"nmod": {
					"del": "TIME",
					"di": "TIME",
					"nel": "TIME"
				}
			},
			"ORGANIZATION": {
				"nmod": {
					"contro": "TARGET",
					"al": "TARGET",
					"della": "TARGET",
					"dalla": "ASSAILANT"
				}
			},
			"WEAPON": {
				"nmod": {
					"con": "WEAPON"
				}
			},
			"INFRASTRUCTURE": {
				"nmod": {
					"ai": "TARGET"
				}
			},
			"FACILITY": {
				"nmod": {
					"al": "TARGET"
				}
			},
			"VEHICLE": {
				"nmod": {
					"all'": "TARGET",
					"dei": "ASSAILANT"
				}
			},
			"PLACE": {
				"nmod": {
					"contro": "TARGET",
					"all'": "TARGET",
					"alla": "TARGET"
				}
			},
			"DETENTION_PLACE": {
				"nmod": {
					"alla": "TARGET"
				}
			},
			"POPULATED_PLACE": {
				"nmod": {
					"nella": "PLACE",
					"al": "TARGET",
					"alla": "TARGET"
				}
			}
        }
    },
    "atterraggio": {
		"LANDING": {
			"VEHICLE": {
				"nmod": {
					"col": "VEHICLE",
					"di": "VEHICLE"
				}
			},
			"LOC": {
				"nmod": {
					"in": "PLACE",
					"a": "PLACE"
				}
			}
		}
	},
    "attraversamento": {
		"MOVE_THROUGH": {
			"GEOPHYS_F": {
				"nmod": {
					"del": "AREA"
				}
			
			}
		},
		"CROSS": {
			"LOC": {
				"nmod": {
					"del": "LINE",
					"della": "LINE"
				}
			},
			"LINE": {
				"nmod": {
					"del": "LINE",
					"delle": "LINE"
				}
			},
			"WATERFLOW": {
				"nmod": {
					"del": "LINE"
				}
			}
		}
	},
    "avanzata": {
        "MOVE_AHEAD": {
            "HUMAN_COLLECTIVE": {
                "nmod": {
                    "degli": "MOVER",
					"dei": "MOVER"
                }
            },
			"VEHICLE": {
				"nmod": {
					"dei": "MOVER",
					"di": "MOVER"
				}
			},
			"GROUP": {
				"nmod": {
					"di": "MOVER",
					"delle": "MOVER"
				}
			},
			"ORGANIZATION": {
				"nmod": {
					"delle": "MOVER",
					"dei": "MOVER",
					"dell'": "MOVER",
					"della": "MOVER",
					"di": "MOVER"
				}
			},
			"LOC": {
				"nmod": {
					"verso": "INTENDED_GOAL",
					"in": "PLACE",
					"dalla": "SOURCE",
					"fino": "GOAL",
					"su": "INTENDED_GOAL"
				}
			},
			"ORG": {
				"nmod": {
					"del": "MOVER",
					"della": "MOVER",
					"dell'": "MOVER"
				}
			},
			"PLACE": {
				"nmod": {
					"in": "PLACE"
				}
			},
			"WATERFLOW": {
				"nmod": {
					"verso": "INTENDED_GOAL"
				}
			},
			"GEOPHYS_F": {
				"nmod": {
					"attraverso": "PATH",
					"lungo": "PATH"
				}
			},
			"EVENT": {
				"nmod": {
					"dopo": "PRECEDING_EVENT"
				}
			},
			"DATE": {
				"nmod": {
					"del": "TIME",
					"in": "TIME"
				}
			},
			"INFRASTRUCTURE": {
				"nmod": {
					"fino": "GOAL"
				}
			}
        }
    },
    "battaglia": {
        "HOSTILE_ENCOUNTER": {
            "LOC": {
                "nmod": {
                    "di": "PLACE",
					"della": "PLACE",
					"del": "PLACE",
					"in": "PLACE",
					"ad": "PLACE",
					"per": "PURPOSE"
                }
            },
			"POPULATED_PLACE": {
				"nmod": {
					"in": "PLACE",
					"nelle": "PLACE"
				}
			},
			"DATE": {
				"nummod": {
					"del": "TIME"
				},
				"nmod": {
					"d'": "TIME",
					"dell'": "TIME",
					"di": "TIME",
					"del": "TIME",
					"della": "TIME"
				}
			},
			"DURATION": {
				"nmod": {
					"per": "DURATION",
					"fino": "TIME"
				}
			},
			"PLACE": {
				"nmod": {
					"in": "PLACE"
				}
			},
			"GROUP": {
				"nmod": {
					"tra": "SIDE_1"
				}
			},
			"ORGANIZATION": {
				"nmod": {
					"tra": "SIDE_1",
					"fra": "SIDE_1"
				}
			},
			"WATERFLOW": {
				"nmod": {
					"sul": "PLACE"
				}
			},
			"EVENT": {
				"nmod": {
					"per": "PURPOSE"
				}
			},
			"HUMAN_COLLECTIVE": {
				"nmod": {
					"contro": "SIDE_2",
					"fra": "SIDE_1"
				}
			},
			"GEOPHYS_F": {
				"nmod": {
					"nella": "PLACE",
					"in": "PLACE"
				}
			},
			"LINE": {
				"nmod": {
					"sul": "PLACE"
				}
			},
			"SET": {
				"nmod": {
					"al": "TIME"
				}
			},
			"INFRASTRUCTURE": {
				"nmod": {
					"intorno": "PLACE"
				}
			}
        }
    },
    "bombardamento": {
        "BOMBING": {
            "LOC": {
                "nmod": {
                    "su": "TARGET",
                    "di": "TARGET",
                    "a": "TARGET",
					"sull'": "TARGET",
					"sul": "TARGET"
                }
            },
            "INFRASTRUCTURE": {
                "nmod": {
                    "del": "TARGET",
                    "dei": "TARGET"
                }
            },
			"HUMAN_COLLECTIVE": {
				"nmod": {
					"degli": "ASSAILANT"
				}
			},
			"POST": {
				"nmod": {
					"delle": "TARGET",
					"sulle": "TARGET"
				}
			},
			"GEOPHYS_F": {
				"nmod": {
					"sulle": "TARGET"
				}
			},
			"VEHICLE": {
				"nmod": {
					"del": "TARGET"
				}
			},
			"ORG": {
				"nmod": {
					"della": "ASSAILANT"
				}
			},
			"POPULATED_PLACE": {
				"nmod": {
					"sulle": "TARGET"
				}
			},
			"DATE": {
				"nmod": "TIME",
				"nummod": {
					"del": "TIME",
					"tra": "TIME",
					"dell'": "TIME"
				}
			},
			"RELATIVE_LOCATION": {
				"nmod": {
					"da": "SOURCE"
				}
			}
        }
    },
    "caduta": {
        "CONQUERING": {
            "LOC": {
                "nmod": {
                    "di": "THEME",
					"della": "THEME"
                }
            },
			"POPULATED_PLACE": {
				"nmod": {
					"della": "THEME"
				}
			},
			"POST": {
				"nmod": {
					"del": "THEME"
				}
			},
			"DATE": {
				"nummod": {
					"del": "TIME"
				},
				"nmod": {
					"negli": "TIME",
					"nell'": "TIME"
				}
			}
        },
        "CHANGE_OF_LEADERSHIP": {
            "PER": {
                "nmod": {
                    "di": "OLD_LEADER"
                }
            },
			"DATE": {
				"nummod": {
					"del": "TIME"
				}
			}
        }
    },
    "calata": {
        "MOVE_DOWNWARDS": {
            "LOC": {
                "nmod": {
                    "dal": "SOURCE",
                    "in": "GOAL",
                    "su": "GOAL"
                }
            },
            "GROUP": {
                "nmod": {
                    "di": "MOVER",
					"delle": "MOVER"
                }
            },
			"HUMAN_COLLECTIVE": {
				"nmod": {
					"dei": "MOVER"
				}
			},
			"GEOPHYS_F": {
				"nmod": {
					"in": "GOAL",
					"dai": "SOURCE",
					"da": "SOURCE"
				}
			}
        }
    },
    "cattura": {
        "TAKING_CAPTIVE": {
            "PER": {
                "nmod": {
                    "di": "CAPTIVE"
                }
            },
            "LOC": {
                "nmod": {
                    "a": "PLACE",
                    "in": "PLACE",
                    "ad": "PLACE"
                }
            },
            "HUMAN_COLLECTIVE": {
                "nmod": {
                    "dei": "CAPTIVE",
                    "di": "CAPTIVE",
					"degli": "CAPTIVE"
                }
            },
            "HUMAN": {
                "nmod": {
                    "di": "CAPTIVE",
                    "del": "CAPTIVE",
					"d'": "CAPTIVE",
					"della": "CAPTIVE",
					"dell'": "CAPTIVE"
                }
            },
			"DATE": {
				"nummod": "TIME"
			}
        },
		"TAKING_BY_FORCE": {
			"WEAPON": {
				"nmod": {
					"di": "THEME"
				}
			},
			"VEHICLE": {
				"nmod": {
					"della": "THEME",
					"dei": "THEME",
					"del": "THEME"
				}
			}
		}
    },
    "combattimento": {
        "HOSTILE_ENCOUNTER": {
            "LOC": {
                "nmod": {
                    "di": "PLACE",
                    "in": "PLACE",
                    "dei": "PLACE",
                    "a": "PLACE",
                    "presso": "PLACE",
                    "della": "PLACE",
                    "al": "PLACE",
					"dell'": "PLACE",
					"nella": "PLACE",
					"del": "PLACE",
					"alla": "PLACE"
                }
            },
            "HUMAN_COLLECTIVE": {
                "nmod": {
                    "contro": "SIDE_2",
                    "coi": "SIDE_2",
					"con": "SIDE_2",
					"tra": "SIDE_1"
				}
            },
			"GEOPHYS_F": {
				"nmod": {
					"in": "PLACE",
					"sul": "PLACE"
				}
			},
			"ROAD": {
				"nmod": {
					"sulla": "PLACE"
				}
			},
			"PLACE": {
				"nmod": {
					"nella": "PLACE"
				} 
			},
			"GROUP": {
				"nmod": {
					"contro": "SIDE_2",
					"con": "SIDE_2"
				}
			},
			"POPULATED_PLACE": {
				"nmod": {
					"nelle": "PLACE",
					"nella": "PLACE"
				}
			},
			"ORG": {
				"nmod": {
					"contro": "SIDE_2"
				}
			},
			"EVENT": {
				"nmod": {
					"per": "PURPOSE"
				}
			},
			"DURATION": {
				"nmod": {
					"di": "TIME",
					"per": "DURATION",
					"delle": "TIME"
				}
			},
			"DATE": {
				"nummod": {
					"del": "TIME",
					"dal": "TIME",
					"tra": "TIME"
				},
				"nmod": {
					"di": "TIME",
					"dell'": "TIME",
					"del": "TIME"
				}
			},
			"TIME": {
				"nummod": {
					"verso": "TIME"
				},
				"nmod": {
					"di": "TIME"
				}
			}
        }
    },
    "contrattacco": {
		"COUNTERATTACK": {
			"LOC": {
				"nmod": {
					"a": "PLACE",
					"ad": "PLACE"
				}
			},
			"ORGANIZATION": {
				"nmod": {
					"delle": "ASSAILANT",
					"del": "ASSAILANT",
					"di": "ASSAILANT"
				}
			},
			"POST": {
				"nmod": {
					"del": "ASSAILANT"
				}
			},
			"DATE": {
				"nummod": {
					"del": "TIME"
				}
			}
		}
	},
    "costituzione": {
        "CREATE_SOCIAL_ENTITY": {
            "ORG": {
                "nmod": {
                    "della": "CREATED_ENTITY",
                    "delle": "CREATED_ENTITY",
                    "del": "CREATED_ENTITY",
					"dei": "CREATED_ENTITY",
					"di": "CREATED_ENTITY"
                }
            },
            "LOC": {
                "nmod": {
                    "a": "PLACE",
					"nel": "PLACE"
                }
            },
			"ORGANIZATION": {
				"nmod": {
					"di": "CREATED_ENTITY",
					"del": "CREATED_ENTITY",
					"delle": "CREATED_ENTITY",
					"d'": "CREATED_ENTITY"
				}
			},
			"GROUP": {
				"nmod": {
					"di": "CREATED_ENTITY",
					"del": "CREATED_ENTITY"
				}
			},
			"GEOPHYS_F": {
				"nmod": {
					"in": "PLACE"
				}
			},
			"DATE": {
				"nummod": {
					"nel": "TIME"
				},
				"nmod": {
					"tra": "TIME"
				}
			}
        }
    },
    "creazione": {
		"CREATE_SOCIAL_ENTITY": {
			"ORGANIZATION": {
				"nmod": {
					"di": "CREATED_ENTITY",
					"delle": "CREATED_ENTITY",
					"d'": "CREATED_ENTITY",
					"della": "CREATED_ENTITY"
				}
			},
			"ORG": {
				"nmod": {
					"dei": "CREATED_ENTITY",
					"della": "CREATED_ENTITY",
					"del": "CREATED_ENTITY",
					"dello": "CREATED_ENTITY",
					"delle": "CREATED_ENTITY"
				}
			}
		}
	
	},
    "deportazione": {
        "DEPORTATION": {
            "LOC": {
                "nmod": {
                    "in": "GOAL"
                }
            },
			"HUMAN_COLLECTIVE": {
				"nmod": {
					"degli": "DEPORTED",
					"di": "DEPORTED",
					"dei": "DEPORTED",
					"della": "DEPORTED"
				}
			},
			"DETENTION_PLACE": {
				"nmod": {
					"nei": "GOAL",
					"verso": "INTENDED_GOAL"
				}
			}
        }
    },
    "discesa": {
        "MOVE_DOWNWARDS": {
            "GEOPHYS_F": {
                "nmod": {
                    "della": "PATH",
					"sul": "GOAL",
					"in": "GOAL",
					"dal": "SOURCE",
					"dalle": "SOURCE"
                }
            },
            "LOC": {
                "nmod": {
                    "su": "GOAL",
					"nelle": "GOAL",
					"a": "GOAL",
					"verso": "INTENDED_GOAL"
                }
            },
			"POST": {
				"nmod": {
					"verso": "INTENDED_GOAL"
				}
			},
			"POPULATED_PLACE": {
				"nmod": {
					"in": "GOAL"
				}
			},
			"GROUP": {
				"nmod": {
					"di": "MOVER"
				}
			},
			"ORGANIZATION": {
				"nmod": {
					"di": "MOVER"
				}
			}	
        }
    },
    "diserzione": {
        "QUIT_GROUP": {
            "HUMAN_COLLECTIVE": {
                "nmod": {
                    "dei": "MEMBER",
					"di": "MEMBER"
                }
            },
            "ORGANIZATION": {
                "nmod": {
                    "di": "MEMBER",
					"del": "MEMBER"
                }
            },
			"DATE": {
				"nmod": {
					"dell'": "TIME",
					"del": "TIME"
				}
			},
			"GROUP": {
				"nmod": {
					"del": "MEMBER"
				}
			},
			"PER": {
				"nmod": {
					"di": "MEMBER"
				}
			},
			"ORG": {
				"nmod": {
					"del": "MEMBER"
				}
			}
        }
    },
    "distruzione": {
        "DESTROYING": {
            "VEHICLE": {
                "nmod": {
                    "del": "PATIENT",
					"degli": "PATIENT",
					"di": "PATIENT"
                }
            },
            "INFRASTRUCTURE": {
                "nmod": {
                    "dei": "PATIENT",
					"delle": "PATIENT",
					"presso": "PLACE",
					"del": "PATIENT",
					"degli": "PATIENT"
                }
            },
            "PLACE": {
                "nmod": {
                    "nella": "PLACE"
                }
            },
			"POST": {
				"nmod": {
					"delle": "PATIENT"
				}
			},
			"BUILDING": {
				"nmod": {
					"del": "PATIENT",
					"delle": "PATIENT"
				}
			},
			"LOC": {
				"nmod": {
					"di": "PATIENT"
				}
			},
			"DATE": {
				"nummod": {
					"nel": "TIME"
				},
				"nmod": {
					"nell'": "TIME"
				}
			}
        }
    },
    "eccidio": {
        "MASS_KILLING": {
			"LOC": {
				"nmod": {
					"di": "PLACE",
					"del": "PLACE",
					"delle": "PLACE",
					"a": "PLACE",
					"in": "PLACE"
				}
            },
			"DATE": {
				"nummod": {
					"del": "TIME"
				},
				"nmod": {
					"tra": "TIME",
					"nel": "TIME",
					"degli": "TIME"
				}
			},
			"DURATION": {
				"nmod": {
					"nella": "TIME"
				}
			}
        }

    },
    "esplosione": {
		"EXPLOSION": {
			"WEAPON": {
				"nmod": {
					"delle": "EXPLOSIVE",
					"di": "EXPLOSIVE",
					"dell'": "EXPLOSIVE",
					"della": "EXPLOSIVE"
				}
			},
			"VEHICLE": {
				"nmod": {
					"dei": "EXPLOSIVE",
					"di": "EXPLOSIVE"
				}
			},
			"INFRASTRUCTURE": {
				"nmod": {
					"dei": "EXPLOSIVE",
					"della": "EXPLOSIVE"
				}
			},
			"FACILITY": {
				"nmod": {
					"in": "PLACE"
				}
			}
		}
		
	},
    "evacuazione": {
		"QUITTING_A_PLACE": {
			"LOC": {
				"nmod": {
					"di": "SOURCE",
					"del": "SOURCE",
					"della": "SOURCE"
				}
			},
			"POPULATED_PLACE": {
				"nmod": {
					"della": "SOURCE"
				}
			},
			"HUMAN_COLLECTIVE": {
				"nmod": {
					"dei": "MOVER"
				}
			},
			"PLACE": {
				"nmod": {
					"del": "SOURCE",
					"della": "SOURCE"
				}
			},
			"GROUP": {
				"nmod": {
					"delle": "MOVER"
				}
			},
			"DETENTION_PLACE": {
				"nmod": {
					"del": "SOURCE"
				}
			},
			"ORG": {
				"nmod": {
					"dei": "MOVER"
				}
			},
			"ORGANIZATION": {
				"nmod": {
					"di": "MOVER"
				}
			}
		}
	},
    "ferimento": {
        "CAUSE_HARM": {
            "PER": {
                "nmod": {
                    "di": "PATIENT"
                }
            },
			"HUMAN": {
				"nmod": {
					"di": "PATIENT",
					"del": "PATIENT"
				}
			},
			"EVENT": {
				"nmod": {
					"nei": "CONTAINING_EVENT",
					"durante": "CONTAINING_EVENT"
				}
			},
			"HUMAN_COLLECTIVE": {
				"nmod": {
					"di": "PATIENT"
				}
			},
			"DATE": {
				"nummod": {
					"verso": "TIME"
				},
				"nmod": "TIME"
			}
        }
    },
    "fucilazione": {
        "EXECUTION": {
            "PER": {
                "nmod": {
                    "di": "EXECUTED",
                    "dei": "EXECUTED",
					"del": "EXECUTED"
                }
            },
            "HUMAN_COLLECTIVE": {
                "nmod": {
                    "dei": "EXECUTED",
                    "di": "EXECUTED",
					"degli": "EXECUTED"
                }
            },
			"HUMAN": {
				"nmod": {
					"del": "EXECUTED"
				}
			},
			"LOC": {
				"a": "PLACE",
				"in": "PLACE"
			},
			"ORG": {
				"nmod": {
					"degli": "EXECUTED"
				}
			},
			"DATE": {
				"nummod": {
					"del": "TIME"
				}
			}
        }
    },
    "fuga": {
        "FLEEING": {
            "LOC": {
                "nmod": {
                    "dalla": "SOURCE",
                    "da": "SOURCE",
                    "verso": "INTENDED_GOAL",
                    "per": "INTENDED_GOAL",
                    "a": "GOAL",
                    "in": "GOAL"
                }
            },
            "PER": {
                "nmod": {
                    "di": "MOVER"
                }
            },
            "HUMAN_COLLECTIVE": {
                "nmod": {
                    "dei": "MOVER"
                }
            },
            "BUILDING": {
                "nmod": {
                    "dal": "SOURCE"
                }
            },
			"GEOPHYS_F": {
				"nmod": {
					"sulle": "GOAL",
					"attraverso": "PATH"
				}
			},
			"VEHICLE": {
				"nmod": {
					"con": "MODE_OF_TRANSPORTATION"
				}
			},
			"HUMAN": {
				"nmod": {
					"del": "MOVER",
					"della": "MOVER"
				}
			},
			"ROAD": {
				"nmod": {
					"per": "PATH"
				}
			},
			"FACILITY": {
				"nmod": {
					"dall'": "SOURCE"
				}
			},
			"GROUP": {
				"nmod": {
					"della": "MOVER",
					"delle": "MOVER"
				}
			},
			"DETENTION_PLACE": {
				"nmod": {
					"dal": "SOURCE"
				}
			},
			"DURATION": {
				"nmod": {
					"di": "TIME",
					"del": "TIMES"
				}
			},
			"TIME": {
				"nmod": {
					"alle": "TIME"
				}
			}
        }
    },
    "imboscata": {
        "ATTACK": {
            "LOC": {
				"nmod": {
					"della": "PLACE",
					"nella": "PLACE",
					"dei": "PLACE",
					"del": "PLACE",
					"a": "PLACE",
					"in": "PLACE",
					"di": "PLACE",
					"tra": "PLACE",
					"alla": "PLACE",
					"fra": "PLACE"
				}
            },
            "ROAD": {
                "nmod": {
                    "sullo": "PLACE",
					"sulla": "PLACE",
					"lungo": "PLACE"
                }
            },
			"HUMAN_COLLECTIVE": {
				"nmod": {
					"ai": "VICTIM"
				}
			},
			"PLACE": {
				"nmod": {
					"nella": "PLACE"
				}
			},
			"GROUP": {
				"nmod": {
					"a": "VICTIM",
					"alla": "VICTIM"
				}
			},
			"GEOPHYS_F": {
				"nmod": {
					"sul": "PLACE"
				}
			},
			"ORGANIZATION": {
				"nmod": {
					"ai": "VICTIM"
				}
			},
			"WEAPON": {
				"nmod": {
					"con": "WEAPON"
				}
			},
			"DATE": {
				"nummod": "TIME"
			},
			"TIME": {
				"nmod": {
					"verso": "TIME"
				}
			}
        }
    },
    "impiccagione": {
        "EXECUTION": {
            "PER": {
                "nmod": {
                    "di": "EXECUTED"
                }
            },
            "HUMAN_COLLECTIVE": {
                "nmod": {
                    "dei": "EXECUTED",
					"di": "EXECUTED"
                }
            }
        }
    },
    "incendio": {
        "SETTING_FIRE": {
            "LOC": {
                "nmod": {
                    "a": "PLACE",
                    "di": "FLAMMABLES",
                    "del": "FLAMABLES",
					"verso": "PLACE"
                }
            },
            "POPULATED_PLACE": {
                "nmod": {
                    "di": "FLAMMABLES",
					"dei": "FLAMMABLES",
					"d'": "FLAMMABLES"
                }
            },
			"VEHICLE": {
				"nmod": {
					"degli": "FLAMMABLES",
					"dei": "FLAMMABLES"
				}
			},
			"BUILDING": {
				"nmod": {
					"di": "FLAMMABLES",
					"delle": "FLAMMABLES",
					"alle": "FLAMMABLES",
					"nella": "FLAMMABLES",
					"della": "FLAMMABLES"
				}
			},
			"DATE": {
				"nummod": "TIME"
			},
			"TIME": {
				"nmod": "TIME"
			},
			"INFRASTRUCTURE": {
				"nmod": {
					"in": "PLACE"
				}
			}
		
        }
    },
    "incontro": {
        "ENCOUNTER": {
            "LOC": {
                "nmod": {
                    "di": "PLACE",
                    "a": "PLACE",
                    "alla": "PLACE",
					"del": "PLACE"
                }
            },
            "PER": {
                "nmod": {
                    "con": "PARTY_2",
                    "tra": "PARTY_1"
                }
            },
            "DURATION": {
                "nmod": {
                    "nel": "TIME"
                }
            },
            "HUMAN": {
                "nmod": {
                    "con": "PARTY_2",
                    "col": "PARTY_2"
                }
            },
			"HUMAN_COLLECTIVE": {
				"nmod": {
					"tra": "INDIVIDUALS",
					"con": "PARTY_2",
					"coi": "PARTY_2"
				}
			},
			"GROUP": {
				"nmod": {
					"col": "PARTY_2",
					"con": "PARTY_2"
				}
			},
			"ORGANIZATION": {
				"nmod": {
					"tra": "INDIVIDUALS",
					"col": "PARTY_2"
				}
			},
			"GEOPHYS_F": {
				"nmod": {
					"sulla": "PLACE"
				}
			},
			"ROAD": {
				"nmod": {
					"sulla": "PLACE"
				}
			},
			"BUILDING": {
				"nmod": {
					"in": "PLACE",
					"presso": "PLACE"
				}
			},
			"INFRASTRUCTURE": {
				"nmod": {
					"alla": "PLACE"
				}
			},
			"POPULATED_PLACE": {
				"nmod": {
					"in": "PLACE"
				}
			},
			"DATE": {
				"nummod": {
					"del": "TIME"
				},
				"nmod": {
					"di": "TIME"
				}
			}
        }
    },
    "incursione": {
        "ATTACK": {
            "LOC": {
                "nmod": {
                    "in": "PLACE",
                    "a": "PLACE",
                    "contro": "TARGET",
                    "nella": "PLACE",
					"dalla": "SOURCE",
					"nelle": "PLACE",
					"da": "SOURCE"
                }
            },
			"POPULATED_PLACE": {
				"nmod": {
					"alla": "PLACE",
					"nei": "PLACE"
				}
			},
			"FACILITY": {
				"nmod": {
					"al": "PLACE"
				}
			},
			"HUMAN_COLLECTIVE": {
				"nmod": {
					"degli": "ASSAILANT",
					"di": "ASSAILANT",
					"dei": "ASSAILANT",
					"con": "ASSAILANT"
				}
			},
			"ORGANIZATION": {
				"nmod": {
					"dei": "ASSAILANT",
					"con": "ASSAILANT",
					"delle": "ASSAILANT"
				}
			},
			"GROUP": {
				"nmod": {
					"di": "ASSAILANT"
				}
			},
			"POST": {
				"nmod": {
					"contro": "TARGET"
				}
			},
			"ORG": {
				"nmod": {
					"dei": "ASSAILANT"
				}
			},
			"VEHICLE": {
				"nmod": {
					"dei": "ASSAILANT",
					"di": "ASSAILANT"
				}
			},
			"DATE": {
				"nummod": {
					"del": "TIME"
				},
				"nmod": {
					"dell'": "TIME"
				}
			}
        }
    },
    "inseguimento": {
		"CHASE": {
			"GROUP": {
				"nmod": {
					"delle": "CHASED_ENTITY"
				}
			},
			"LOC": {
				"nmod": {
					"a": "PLACE"
				}
			}
		}
	},
    "internamento": {
		"IMPRISONMENT": {
			"HUMAN_COLLECTIVE": {
				"nmod": {
					"di": "PRISONER",
					"dei": "PRISONER"
				}
			},
			"ORGANIZATION": {
				"nmod": {
					"di": "PRISONER"
				}
			},
			"GROUP": {
				"nmod": {
					"delle": "PRISONER"
				}
			},
			"ORG": {
				"nmod": {
					"di": "PRISONER"
				}
			}
		}
	},
    "interrogatorio": {
		"QUESTIONING": {
			"ORG": {
				"nmod": {
					"delle": "SPEAKER"
				}
			},
			"EVENT": {
				"nmod": {
					"dopo": "PRECEDING_EVENT"
				}
			},
			"LOC": {
				"nmod": {
					"in": "PLACE",
					"al": "PLACE"
				}
			},
			"PER": {
				"nmod": {
					"di": "ADDRESSEE"
				}
			},
			"HUMAN": {
				"nmod": {
					"dell'": "ADDRESSEE",
					"del": "ADDRESSEE"
				}
			},
			"HUMAN_COLLECTIVE": {
				"nmod": {
					"di": "ADDRESSEE",
					"dei": "ADDRESSEE",
					"degli": "ADDRESSEE"
				}
			},
			"DURATION": {
				"nmod": {
					"del": "TIME"
				}
			}
		}
	},
    "invasione": {
        "INVADING": {
            "LOC": {
                "nmod": {
                    "in": "LAND",
                    "della": "LAND",
					"dell'": "LAND",
					"del": "LAND",
					"di": "LAND",
					"dei": "LAND"
                }
            },
			"DATE": {
				"nummod": {
					"del": "TIME",
					"nel": "TIME"
				},
				"nmod": {
					"nell'": "TIME",
					"nel": "TIME"
				}
			},
			"POPULATED_PLACE": {
				"nmod": {
					"dell'": "LAND"
				}
			},
			"ORG": {
				"nmod": {
					"dell'": "INVADER"
				}
			},
			"PLACE": {
				"nmod": {
					"del": "LAND",
					"dell'": "LAND",
					"di": "LAND"
				}
			},
			"EVENT": {
				"nmod": {
					"durante": "CONTAINING_EVENT"
				}
			}
        }
    },
    "irruzione": {},
    "lancio": {},
    "liberazione": {
        "LIBERATION": {
            "LOC": {
                "nmod": {
                    "di": "LIBERATED_PLACE",
                    "della": "LIBERATED_PLACE",
                    "del": "LIBERATED_PLACE",
					"dell'": "LIBERATED_PLACE"
                }
            },
			"POPULATED_PLACE": {
				"nmod": {
					"della": "LIBERATED_PLACE",
					"di": "LIBERATED_PLACE",
					"del": "LIBERATED_PLACE",
					"dell'": "LIBERATED_PLACE",
					"dei": "LIBERATED_PLACE"
				}
			},
			"DATE": {
				"nummod": {
					"nmod": {
						"del": "TIME"
					}
				},
				"nmod": {
					"a": "TIME",
					"nel": "TIME",
					"nell'": "TIME"
				}
			},
			"PLACE": {
				"nmod": {
					"del": "LIBERATED_PLACE",
					"dei": "LIBERATED_PLACE" 
				}
			},
			"GEOPHYS_F": {
				"nmod": {
					"di": "LIBERATED_PLACE"
				}
			}
        },
        "SET_FREE": {
            "PER": {
                "nmod": {
                    "di": "THEME"
                }
            },
            "HUMAN_COLLECTIVE": {
                "nmod": {
                    "degli": "THEME",
                    "di": "THEME",
                    "dei": "THEME"
                }
            },
			"BUILDING": {
				"nmod": {
					"dal": "LOCATION_OF_CONFINEMENT",
					"dalle": "LOCATION_OF_CONFINEMENT"
				}
			},
			"DETENTION_PLACE": {
				"nmod": {
					"dal": "DETENTION_PLACE",
					"dalle": "DETENTION_PLACE"
				}
			}
        }
    },
    "lotta": {},
    "marcia": {},
    "massacro": {
        "KILLING": {
            "LOC": {
                "nmod": {
                    "del": "PLACE",
                    "di": "PLACE",
					"a": "PLACE"
                }
            },
            "HUMAN_COLLECTIVE": {
                "nmod": {
                    "di": "VICTIM",
					"degli": "VICTIM",
					"dei": "VICTIM"
                }
            },
			"GEOPHYS_F": {
				"nmod": {
					"della": "PLACE"
				}
			},
			"DATE": {
				"nummod": {
					"del": "TIME"
				}
			}
        }
    },
    "morte": {
        "DEATH": {
            "PER": {
                "nmod": {
                    "di": "PROTAGONIST"
                }
            },
            "HUMAN_COLLECTIVE": {
                "nmod": {
                    "di": "PROTAGONIST",
                    "dei": "PROTAGONIST",
					"degli": "PROTAGONIST"
                }
            },
			"HUMAN": {
				"nmod": {
					"di": "PROTAGONIST",
					"del": "PROTAGONIST"
				}
			},
			"LOC": {
				"nmod": {
					"a": "PLACE"
				}
			},
			"DATE": {
				"nummod": {
					"nel": "TIME"
				},
				"nmod": {
					"nel": "TIME"
				}
			}
        }
    },
    "nascita": {
    	"BEING_BORN": {
			"PER": {
				"nmod": {
					"di": "PROTAGONIST"
				}
			},
			"HUMAN": {
				"nmod": {
					"del": "PROTAGONIST",
					"della": "PROTAGONIST"
				}
			}
    	},
    	"CREATE_SOCIAL_ENTITY": {
			"ORG": {
				"nmod": {
					"del": "CREATED_ENTITY",
					"della": "CREATED_ENTITY",
					"dell'": "CREATED_ENTITY",
					"delle": "CREATED_ENTITY"
				}
			},
			"ORGANIZATION": {
				"nmod": {
					"di": "CREATED_ENTITY",
					"delle": "CREATED_ENTITY",
					"del": "CREATED_ENTITY",
					"della": "CREATED_ENTITY"
				}
			},
			"GROUP": {
				"nmod": {
					"del": "CREATED_ENTITY"
				}
			},
			"PLACE": {
				"nmod": {
					"nella": "PLACE"
				}
			},
			"DATE": {
				"nummod": "TIME"
			}
    	}	
    },
    "occupazione": {
        "CONQUERING": {
            "LOC": {
                "nmod": {
                    "di": "THEME",
                    "del": "THEME",
                    "dell'": "THEME",
					"della": "THEME"
                }
            },
            "POST": {
                "nmod": {
                    "dei": "THEME"
                }
            },
            "GEOPHYS_F": {
                "nmod": {
                    "delle": "THEME",
                    "della": "THEME"
                }
            },
			"BUILDING": {
				"nmod": {
					"della": "THEME"
				}
			},
			"POPULATED_PLACE": {
				"nmod": {
					"della": "THEME",
					"del": "THEME",
					"dei": "THEME"
				}
			},
			"PLACE": {
				"nmod": {
					"della": "THEME",
					"nella": "THEME"
				}
			},
			"DATE": {
				"nmod": {
					"tra": "TIME"
				},
				"nummod": {
					"del": "TIME",
					"nel": "TIME",
					"nell'": "TIME"
				}
			},
			"INFRASTRUCTURE": {
				"nmod": {
					"dei": "THEME",
					"dell'": "THEME"
				}
			},
			"GROUP": {
				"nmod": {
					"delle": "CONQUEROR"
				}
			}
        }
    },
    "partenza": {
        "DEPARTING": {
            "PER": {
                "nmod": {
                    "di": "MOVER",
                    "del": "MOVER",
                    "dell'": "MOVER",
					"con": "CO-MOVER"
                }
            },
            "LOC": {
                "nmod": {
                    "da": "SOURCE",
                    "dalla": "SOURCE",
                    "per": "INTENDED_GOAL",
                    "verso": "INTENDED_GOAL"
                }
            },
            "ORG": {
                "nmod": {
                    "delle": "MOVER",
                    "della": "MOVER",
                    "del": "MOVER",
                    "dei": "MOVER"
                }
            },
			"GROUP": {
				"nmod": {
					"di": "MOVER",
					"delle": "MOVER"
				}
			},
			"VEHICLE": {
				"nmod": {
					"del": "MOVER",
					"in": "MODE_OF_TRANSPORTATION"
				}
			},
			"HUMAN_COLLECTIVE": {
				"nmod": {
					"dei": "MOVER",
					"degli": "MOVER"
				}
			},
			"GEOPHYS_F": {
				"nmod": {
					"per": "INTENDED_GOAL"
				}
			},
			"ORGANIZATION": {
				"nmod": {
					"della": "MOVER",
					"degli": "MOVER"
				}
			},
			"HUMAN": {
				"nmod": {
					"del": "MOVER",
					"della": "MOVER"
				}
			},
			"DURATION": {
				"nmod": {
					"di": "TIME",
					"nel": "TIME",
					"a": "TIME"
				}
			},
			"DATE": {
				"nmod": {
					"del": "TIME"
				}
			},
			"RELATIVE_LOCATION": {
				"nmod": {
					"per": "INTENDED_GOAL"
				}
			},
			"TIME": {
				"nummod": "TIME"
			}
        }
    },
    "passaggio": {},
    "perlustrazione": {
		"SCOURING": {
			"ROAD": {
				"nmod": {
					"della": "GROUND"
				}
			},
			"LOC": {
				"nmod": {
					"tra": "PLACE",
					"verso": "PLACE"
				}
			},
			"GEOPHYS_F": {
				"nmod": {
					"sulla": "GROUND"
				}
			}
		}
	},
    "pernottamento": {
        "TEMPORARY_STAY": {
			"BUILDING": {
				"nmod": {
					"alle": "LOCATION",
					"al": "LOCATION"
				}
			},
			"LOC": {
				"nmod": {
					"al": "LOCATION"
				}
			},
			"PLACE": {
				"nmod": {
					"in": "PLACE"
				}
			}
		}
    },
    "perquisizione": {
    	"SCRUTINY": {
    		"BUILDING": {
				"nmod": {
					"nella": "GROUND",
					"della": "GROUND",
					"in": "GROUND",
					"nelle": "GROUND",
					"nell'": "GROUND",
					"delle": "GROUND"
				}
			},
			"ORGANIZATION": {
				"nmod": {
					"della": "COGNIZER"
				}
			},
			"ORG": {
				"nmod": {
					"della": "COGNIZER"
				}
			},
			"LOC": {
				"nmod": {
					"a": "PLACE",
					"in": "PLACE"
				}
			},
			"INFRASTRUCTURE": {
				"nmod": {
					"di": "GROUND"
				}
			},
			"VEHICLE": {
				"nmod": {
					"sui": "PLACE"
				}
			}

    	}
    },
    "processo": {
        "CRIMINAL_PROCESS": {
            "PER": {
                "nmod": {
                    "al": "SUSPECT",
                    "a": "SUSPECT",
                    "contro": "SUSPECT"
                }
            },
			"HUMAN_COLLECTIVE": {
				"nmod": {
					"dei": "SUSPECT",
					"ai": "SUSPECT",
					"a": "SUSPECT",
					"contro": "SUSPECT",
					"agli": "SUSPECT"
				}
			},
			"HUMAN": {
				"nmod": {
					"contro": "SUSPECT"
				}
			},
			"EVENT": {
				"nmod": {
					"per": "CHARGES"
				}
			},
			"LOC": {
				"nmod": {
					"di": "PLACE"
				}
			},
			"ORG": {
				"nmod": {
					"alle": "SUSPECT",
					"davanti": "COURT",
					"dinnanzi": "COURT"
				}
			},
			"DATE": {
				"nmod": {
					"dell'": "TIME",
					"nell'": "TIME"
				},
				"nummod": {
					"del": "TIME",
					"nel": "TIME"
				}
			}
			
        }
    },
    "puntata": {},
    "rappresaglia": {},
    "rastrellamento": {
        "SCOURING": {
            "LOC": {
                "nmod": {
                    "a": "PLACE",
                    "dell'": "GROUND",
                    "delle": "GROUND",
                    "di": "GROUND",
                    "nel": "GROUND",
					"del": "GROUND",
					"fra": "PLACE",
					"nelle": "PLACE",
					"sulle": "PLACE",
					"in": "PLACE",
					"attorno": "PLACE"
                }
            },
            "ORG": {
                "nmod": {
                    "dei": "SEARCHER",
					"contro": "SOUGHT_ENTITY",
					"delle": "SEARCHER",
					"dalle": "SEARCHER"
                }
            },
            "DATE": {
				"nummod": {
					"dell'": "TIME",
					"del": "TIME"
				},
                "nmod": {
                    "di": "TIME",
                    "del": "TIME",
					"d'": "TIME",
					"dell'": "TIME",
					"da": "TIME"
                }
            },
			"GEOPHYS_F": {
				"nmod": {
					"nelle": "GROUND",
					"delle": "GROUND",
					"in": "GROUND",
					"dei": "GROUND",
					"della": "GROUND"
				}
			},
			"HUMAN_COLLECTIVE": {
				"nmod": {
					"dei": "SEARCHER",
					"di": "SOUGHT_ENTITY",
					"contro": "SOUGHT_ENTITY"
				}
			},
			"GROUP": {
				"nmod": {
					"contro": "SOUGHT_ENTITY",
					"delle": "SEARCHER"
				}
			},
			"ORGANIZATION": {
				"nmod": {
					"contro": "SOUGHT_ENTITY"
				}
			},
			"POPULATED_PLACE": {
				"nmod": {
					"in": "GROUND"
				}
			},
			"PLACE": {
				"nmod": {
					"nell'": "PLACE",
					"nella": "PLACE",
					"della": "PLACE"
				}
			},
			"TIME": {
				"nummod": "TIME",
				"nmod": {
					"dei": "TIME"
				}
			}
        }
    },
    "requisizione": {
        "TAKING_BY_FORCE": {
            "BUILDING": {
                "nmod": {
                    "di": "THEME",
                    "delle": "THEME"
                }
            },
			"VEHICLE": {
				"nmod": {
					"di": "THEME",
					"dell'": "THEME",
					"dei": "THEME"
				}
			},
			"WEAPON": {
				"nmod": {
					"delle": "THEME"
				}
			},
			"INFRASTRUCTURE": {
				"nmod": {
					"dello": "THEME"
				}
			}
        }
    },
    "riconquista": {
        "CONQUERING": {
            "LOC": {
                "nmod": {
                    "di": "THEME",
					"della": "THEME"
                }
            },
			"PLACE": {
				"nmod": {
					"del": "THEME",
					"della": "THEME"
				}
			},
			"DATE": {
				"nummod": {
					"del": "TIME"
				}
			}
        }
    },
    "rientro": {
        "RETURN": {
            "LOC": {
                "nmod": {
                    "in": "GOAL",
                    "a": "GOAL",
                    "dalla": "SOURCE",
                    "ai": "GOAL",
                    "attraverso": "PATH",
                    "da": "SOURCE",
					"verso": "INTENDED_GOAL"
                }
            },
            "PER": {
                "nmod": {
                    "di": "MOVER",
                    "con": "CO-MOVER"
                }
            },
			"GROUP": {
				"nmod": {
					"della": "MOVER",
					"del": "MOVER"
				}
			},
			"GEOPHYS_F": {
				"nmod": {
					"in": "GOAL",
					"nella": "GOAL"
				}
			},
			"POST": {
				"nmod": {
					"alla": "GOAL"
				}
			},
			"ORGANIZATION": {
				"nmod": {
					"del": "MOVER",
					"della": "MOVER",
					"con": "CO-MOVER"
				}
			},
			"PLACE": {
				"nmod": {
					"in": "GOAL"
				}
			},
			"HUMAN_COLLECTIVE": {
				"nmod": {
					"di": "MOVER",
					"dei": "MOVER"
				}
			},
			"HUMAN": {
				"nmod": {
					"dell'": "MOVER"
				}
			},
			"VEHICLE": {
				"nmod": {
					"in": "MODE_OF_TRANSPORTATION"
				}
			},
			"BUILDING_PART": {
				"nmod": {
					"nella": "GOAL"
				}
			},
			"BUILDING": {
				"nmod": {
					"nelle": "GOAL"
				}
			},
			"POPULATED_PLACE": {
				"nmod": {
					"nel": "GOAL"
				}
			},
			"DETENTION_PLACE": {
				"nmod": {
					"dal": "SOURCE"
				}
			},
			"DATE": {
				"nmod": {
					"nel": "TIME"
				}
			}
        }	
    },
    "rilascio": {
        "RELEASE": {
            "PER": {
                "nmod": {
                    "di": "CAPTIVE"
                }
            },
			"HUMAN_COLLECTIVE": {
				"nmod": {
					"dei": "CAPTIVE",
					"degli": "CAPTIVE",
					"di": "CAPTIVE"
				}
			},
			"HUMAN": {
				"nmod": {
					"del": "CAPTIVE"
				}
			},
			"DATE": {
				"nummod": {
					"nel": "TIME"
				}
			}
        }
    },
    "ripiegamento": {
        "RETREAT": {
            "LOC": {
                "nmod": {
                    "su": "GOAL",
					"in": "GOAL",
					"dalla": "SOURCE",
					"sul": "GOAL",
					"verso": "INTENDED_GOAL"
                }
            },
			"WATERFLOW": {
				"nmod": {
					"verso": "INTENDED_GOAL"
				}
			},
			"GEOPHYS_F": {
				"nmod": {
					"verso": "INTENDED_GOAL"
				}
			},
			"PLACE": {
				"nmod": {
					"da": "SOURCE"
				}
			},
			"GROUP": {
				"nmod": {
					"delle": "RETREATER",
					"della": "RETREATER"
				}
			},
			"ORGANIZATION": {
				"nmod": {
					"della": "RETREATER",
					"di": "RETREATER",
					"del": "RETREATER",
					"delle": "RETREATER",
					"dei": "RETREATER"
				}
			},
			"HUMAN_COLLECTIVE": {
				"nmod": {
					"degli": "RETREATER",
					"con": "CO-RETREATER",
					"dei": "RETREATER"
				}
			},
			"ORG": {
				"nmod": {
					"della": "RETREATER",
					"del": "RETREATER",
					"dell'": "RETREATER"
				}
			},
			"TIME": {
				"nummod": {
					"verso": "TIME"
				}
			}
        }
    },
    "risalita": {
        "MOVE_UPWARDS": {
            "LOC": {
                "nmod": {
                    "al": "GOAL"
                }
            },
			"POPULATED_PLACE": {
				"nmod": {
					"della": "PATH"
				}
			}
        }
    },
    "ritirata": {
        "RETREAT": {
            "LOC": {
                "nmod": {
                    "dalla": "SOURCE",
                    "in": "PLACE",
                    "verso": "INTENDED_GOAL",
                    "di": "PLACE",
                    "su": "GOAL",
					"da": "SOURCE",
					"nel": "GOAL",
					"attraverso": "PATH"
                }
            },
            "PER": {
                "nmod": {
                    "di": "RETREATER"
                }
            },
			"HUMAN_COLLECTIVE": {
				"nmod": {
					"dei": "RETREATER",
					"degli": "RETREATER"
				}
			},
			"GROUP": {
				"nmod": {
					"delle": "RETREATER",
					"della": "RETREATER"
				}
			},
			"ORGANIZATION": {
				"nmod": {
					"di": "RETREATER",
					"dei": "RETREATER",
					"della": "RETREATER"
				}
			},
			"GEOPHYS_F": {
				"nmod": {
					"verso": "INTENDED_GOAL",
					"attraverso": "PATH",
					"dalle": "SOURCE"
				}
			},
			"DATE": {
				"nmod": {
					"dell'": "TIME",
					"del": "TIME",
					"a": "TIME"
				},
				"nummod": {
					"del": "TIME"
				}
			},
			"RELATIVE_LOCATION": {
				"nmod": {
					"verso": "INTENDED_GOAL"
				}
			}
        }
    },
    "ritorno": {
        "RETURN": {
            "LOC": {
                "nmod": {
                    "nelle": "GOAL",
                    "in": "GOAL",
                    "a": "GOAL",
                    "dal": "SOURCE",
                    "dalle": "SOURCE",
					"dall'": "SOURCE",
					"ad": "GOAL",
					"alla": "GOAL",
					"verso": "INTENDED_GOAL",
					"da": "SOURCE",
					"dai": "SOURCE",
					"dalla": "SOURCE"
                }
            },
            "PER": {
                "nmod": {
                    "di": "MOVER",
					"con": "CO-MOVER",
					"da": "GOAL"
                }
            },
			"PLACE": {
				"nmod": {
					"ai": "GOAL"
				}
			},
			"HUMAN_COLLECTIVE": {
				"nmod": {
					"dei": "MOVER"
				}
			},
			"ORG": {
				"nmod": {
					"della": "MOVER"
				}
			},
			"BUILDING": {
				"nmod": {
					"alla": "GOAL",
					"alle": "GOAL",
					"nella": "GOAL",
					"a": "GOAL"
				}
			},
			"DURATION": {
				"nmod": {
					"a": "TIME",
					"alla": "TIME"
				}
			},
			"VEHICLE": {
				"nmod": {
					"in": "MODE_OF_TRANSPORTATION"
				}
			},
			"POST": {
				"nmod": {
					"alla": "GOAL",
					"alle": "GOAL"
				}
			},
			"GROUP": {
				"nmod": {
					"della": "MOVER",
					"delle": "MOVER"
				}
			},
			"GEOPHYS_F": {
				"nmod": {
					"in": "GOAL",
					"sul": "GOAL"
				}
			},
			"POPULATED_PLACE": {
				"nmod": {
					"in": "GOAL"
				}
			},
			"HUMAN": {
				"nmod": {
					"del": "MOVER"
				}
			},
			"DATE": {
				"nmod": "TIME",
				"nummod": {
					"nel": "TIME"
				}
			},
			"TIME": {
				"nmod": {
					"verso": "TIME",
					"alle": "TIME"
				}
			}
        }
    },
    "riunione": {
        "ASSEMBLE": {
            "LOC": {
                "nmod": {
                    "in": "PLACE",
                    "al": "PLACE",
                    "di": "PLACE",
                    "a": "PLACE"
                }
            },
            "PER": {
                "nmod": {
                    "con": "PARTY_2"
                }
            },
            "HUMAN_COLLECTIVE": {
                "nmod": {
                    "di": "INDIVIDUALS",
					"dei": "INDIVIDUALS",
					"con": "PARTY_2"
                }
            },
            "GROUP": {
                "nmod": {
                    "della": "GROUP",
					"delle": "GROUP"
                }
            },
            "ORG": {
                "nmod": {
                    "del": "GROUP",
                    "dei": "GROUP",
					"della": "GROUP"
                }
            },
			"BUILDING": {
				"nmod": {
					"in": "PLACE",
					"nella": "PLACE"
				}
			},
			"DATE": {
				"nummod": {
					"del": "TIME",
					"nel": "TIME"
				},
				"nmod": {
					"dell'": "TIME",
					"alla": "TIME",
					"di": "TIME"
				}
			},
			"DURATION": {
				"nmod": {
					"del": "TIME",
					"nel": "TIME"
				}
			},
			"ORGANIZATION": {
				"nmod": {
					"del": "GROUP",
					"della": "GROUP"
				}
			},
			"HUMAN": {
				"nmod": {
					"con": "PARTY_2"
				}
			},
			"INFRASTRUCTURE": {
				"nmod": {
					"nella": "PLACE"
				}
			},
			"POPULATED_PLACE": {
				"nmod": {
					"nella": "PLACE"
				}
			},
			"PLACE": {
				"nmod": {
					"nella": "PLACE"
				}
			}
        }
    },
    "sabotaggio": {
		"DAMAGING": {
			"INFRASTRUCTURE": {
				"nmod": {
					"ai": "PATIENT",
					"al": "PATIENT",
					"alle": "PATIENT",
					"allo": "PATIENT",
					"contro": "PATIENT",
					"dei": "PATIENT",
					"del": "PATIENT",
					"della": "PATIENT",
					"delle": "PATIENT",
					"di": "PATIENT",
					"sulla": "PATIENT",
					"dell'": "PATIENT",
					"degli": "PATIENT"
				}
			},
			"HUMAN_COLLECTIVE": {
				"nmod": {
					"dei": "AGENT"
				}
			},
			"LOC": {
				"nmod": {
					"di": "PLACE"
				}
			},
			"VEHICLE": {
				"nmod": {
					"sui": "PATIENT",
					"del": "PATIENT"
				}
			},
			"ROAD": {
				"nmod": {
					"delle": "PATIENT",
					"alle": "PATIENT",
					"di": "PATIENT"
				}
			},
			"ORGANIZATION": {
				"nmod": {
					"alle": "PATIENT",
					"della": "AGENT"
				}
			},
			"WEAPON": {
				"nmod": {
					"con": "INSTRUMENT",
					"delle": "PATIENT"
				}
			},
			"PLACE": {
				"nmod": {
					"nella": "PLACE"
				}
			},
			"DURATION": {
				"nmod": {
					"nella": "TIME"
				}
			}
		
		}
	},
    "sbarco": {
		"LANDING_(MIL)": {
			"LOC": {
				"nmod": {
					"di": "PLACE",
					"ad": "PLACE",
					"a": "PLACE",
					"in": "PLACE",
					"nei": "PLACE"
				}
			},
			"DATE": {
				"nummod": {
					"dell'": "TIME",
					"del": "TIME"
				},
				"nmod": {
					"nel": "TIME"
				}
			},
			"ORGANIZATION": {
				"nmod": {
					"delle": "MOVER",
					"dei": "MOVER",
					"della": "MOVER"
				}
			},
			"HUMAN_COLLECTIVE": {
				"nmod": {
					"degli": "MOVER",
					"di": "MOVER"
				}
			},
			"PLACE": {
				"nmod": {
					"sul": "PLACE"
				}
			},
			"GEOPHYS_F": {
				"nmod": {
					"nel": "PLACE",
					"sulle": "PLACE"
				}
			},
			"RELATIVE_LOCATION": {
				"nmod": {
					"da": "SOURCE"
				}
			},
			"POPULATED_PLACE": {
				"nmod": {
					"nella": "PLACE"
				}
			}
		}
	},
    "scarcerazione": {
		"RELEASE": {
			"HUMAN_COLLECTIVE": {
				"nmod": {
					"di": "CAPTIVE",
					"degli": "CAPTIVE"
				}
			},
			"HUMAN": {
				"nmod": {
					"dell'": "CAPTIVE"
				}
			},
			"LOC": {
				"nmod": {
					"in": "PLACE",
					"a": "PLACE"
				}
			},
			"PER": {
				"nmod": {
					"di": "CAPTIVE"
				}
			}
		}
	},
    "sciopero": {
        "STRIKE": {
            "LOC": {
                "nmod": {
                    "a": "PLACE",
                    "di": "PLACE",
					"nella": "PLACE",
					"in": "PLACE"
                }
            },
			"DATE": {
				"nmod": {
					"del": "TIME",
					"di": "TIME",
					"dei": "TIME"
				}
			},
			"HUMAN_COLLECTIVE": {
				"nmod": {
					"degli": "ACTIVISTS",
					"dei": "ACTIVISTS",
					"di": "ACTIVISTS",
					"delle": "ACTIVISTS"
				}
			},
			"DATE": {
				"nmod": {
					"del": "TIME",
					"per": "TIME",
					"di": "TIME"
				},
				"nummod": {
					"dal": "TIME",
					"all'": "TIME",
					"per": "TIME",
					"del": "TIME"
				}
			},
			"TIME": {
				"nummod": {
					"dalle": "TIME"
				}
			},
			"DURATION": {
				"nmod": {
					"di": "DURATION",
					"del": "TIME"
				}
			}
        }
    },
    "scontro": {
        "HOSTILE_ENCOUNTER": {
            "LOC": {
                "nmod": {
                    "di": "PLACE",
                    "a": "PLACE",
                    "nella": "PLACE",
                    "degli": "PLACE",
					"nell'": "PLACE",
					"per": "PURPOSE",
					"in": "PLACE",
					"della": "SIDE_1"
                }
            },
            "ORG": {
                "nmod": {
                    "con": "SIDE_1",
					"col": "SIDE_2",
					"contro": "SIDE_2"
                }
            },
			"GROUP": {
				"nmod": {
					"con": "SIDE_2",
					"tra": "SIDE_1",
					"contro": "SIDE_2",
					"di": "SIDES"
				}
			},
			"HUMAN_COLLECTIVE": {
				"nmod": {
					"tra": "SIDE_1",
					"con": "SIDE_2",
					"coi": "SIDE_2",
					"fra": "SIDE_1",
					"contro": "SIDE_2"
				}
			},
			"HUMAN": {
				"nmod": {
					"tra": "SIDE_1"
				}
			},
			"GEOPHYS_F": {
				"nmod": {
					"nell'": "PLACE",
					"sulla": "PLACE"
				}
			},
			"ROAD": {
				"nmod": {
					"sulla": "PLACE",
					"per": "PLACE"
				}
			},
			"DURATION": {
				"nmod": {
					"di": "DURATION",
					"delle": "TIME",
					"del": "TIME"
				}
			},
			"ORGANIZATION": {
				"nmod": {
					"con": "SIDE_2",
					"fra": "SIDE_1",
					"contro": "SIDE_2"
				}
			},
			"POPULATED_PLACE": {
				"nmod": {
					"nella": "PLACE",
					"in": "PLACE"
				}
			},
			"EVENT": {
				"nmod": {
					"per": "PURPOSE"
				}
			},
			"BUILDING": {
				"nmod": {
					"presso": "PLACE"
				}
			},
			"LINE": {
				"nmod": {
					"sul": "PLACE"
				}
			},
			"PLACE": {
				"nmod": {
					"nella": "PLACE"
				}
			},
			"DATE": {
				"nummod": {
					"del": "TIME",
					"fra": "TIME"
				},
				"nmod": {
					"del": "TIME",
					"all'": "TIME",
					"di": "TIME"
				}
			}
        }
    },
    "scoppio": {
        "EXPLOSION": {
            "WEAPON": {
                "nmod": {
                    "di": "EXPLOSIVE",
                    "delle": "EXPLOSIVE",
					"della": "EXPLOSIVE",
					"del": "EXPLOSIVE",
					"dei": "EXPLOSIVE"
                }
            },
			"GEOPHYS_F": {
				"nmod": {
					"sull'": "PLACE"
				}
			}
        }
    },
    "sequestro": {
		"TAKING_CAPTIVE": {
			"PER": {
				"nmod": {
					"di": "CAPTIVE"
				}
			},
			"HUMAN": {
				"nmod": {
					"del": "CAPTIVE"
				}
			}
		},
		"TAKING_BY_FORCE": {
			"HUMAN_COLLECTIVE": {
				"nmod": {
					"agli": "POSSESSOR"
				}
			}
		}
	},
    "sganciamento": {},
    "sgombero": {},
    "sosta": {},
    "sparo": {},
    "spostamento": {
		"MOTION": {
			"GEOPHYS_F": {
				"nmod": {
					"da": "SOURCE",
					"attraverso": "PATH"
				}
			},
			"ORGANIZATION": {
				"nmod": {
					"del": "MOVER",
					"della": "MOVER",
					"delle": "MOVER"
				}
			},
			"LOC": {
				"nmod": {
					"fino": "GOAL",
					"nelle": "GOAL",
					"in": "GOAL",
					"verso": "INTENDED_GOAL",
					"da": "SOURCE",
					"a": "GOAL",
					"fra": "SOURCE"
				}
			},
			"GROUP": {
				"nmod": {
					"delle": "MOVER",
					"dei": "MOVER",
					"di": "MOVER"
				}
			},
			"HUMAN_COLLECTIVE": {
				"nmod": {
					"di": "MOVER",
					"dei": "MOVER"
				}
			},
			"ORG": {
				"nmod": {
					"della": "MOVER"
				}
			},
			"VEHICLE": {
				"nmod": {
					"di": "MOVER"
				}
			},
			"DATE": {
				"nummod": "TIME"
			}
		}
	},
    "strage": {
        "MASS_KILLING": {
            "LOC": {
                "nmod": {
                    "di": "PLACE",
					"nel": "PLACE"
                }
            },
			"DATE": {
				"nummod": {
					"del": "TIME",
					"dell'": "TIME"
				},
				"nmod": "TIME"
			}
        }
    },
    "transito": {
		"MOVE_THROUGH": {
			"VEHICLE": {
				"nmod": {
					"di": "MOVER"
				}
			},
			"PLACE": {
				"nmod": {
					"in": "AREA"
				}
			},
			"GROUP": {
				"nmod": {
					"delle": "MOVER",
					"di": "MOVER"
				}
			},
			"LOC": {
				"nmod": {
					"dal": "WAYPOINT",
					"in": "WAYPOINT",
					"da": "SOURCE",
					"verso": "INTENDED_GOAL",
					"a": "GOAL",
					"per": "WAYPOINT"
				}
			},
			"ROAD": {
				"nmod": {
					"per": "PATH",
					"sulla": "PATH"
				}
			},
			"ORGANIZATION": {
				"nmod": {
					"di": "MOVER"
				}
			},
			"ORG": {
				"nmod": {
					"della": "MOVER"
				}
			}
		}
		
	},
    "trasferimento": {
        "MOTION": {
            "PER": {
                "nmod": {
                    "di": "MOVER"
                }
            },
            "LOC": {
                "nmod": {
                    "da": "SOURCE",
                    "dalla": "SOURCE",
                    "dal": "SOURCE",
                    "a": "GOAL",
                    "in": "GOAL",
                    "al": "GOAL",
					"verso": "INTENDED_GOAL",
					"nelle": "GOAL",
					"nell'": "GOAL",
					"nel": "GOAL",
					"alla": "GOAL"
                }
            },
            "ORG": {
                "nmod": {
                    "della": "MOVER",
                    "del": "MOVER" 
                }
            },
			"GROUP": {
				"nmod": {
					"dei": "MOVER"
				}
			},
			"ORGANIZATION": {
				"nmod": {
					"di": "MOVER",
					"del": "MOVER",
					"della": "MOVER"
				}
			},
			"HUMAN_COLLECTIVE": {
				"nmod": {
					"dei": "MOVER",
					"degli": "MOVER"
				}
			},
			"PLACE": {
				"nmod": {
					"nella": "GOAL"
				}
			},
			"POPULATED_PLACE": {
				"nmod": {
					"alla": "GOAL"
				}
			},
			"BUILDING": {
				"nmod": {
					"nella": "GOAL"
				}
			},
			"GEOPHYS_F": {
				"nmod": {
					"in": "GOAL"
				}
			}
        }
    },
    "uccisione": {
        "KILLING": {
            "PER": {
                "nmod": {
                    "di": "VICTIM",
                    "del": "VICTIM"
                }
            },
            "LOC": {
                "nmod": {
                    "a": "PLACE",
                    "in": "PLACE",
					"vicino": "PLACE"
                }
            },
            "HUMAN": {
                "nmod": {
                    "di": "VICTIM",
                    "del": "VICTIM",
                    "dell'": "VICTIM"
                }
            },
			"HUMAN_COLLECTIVE": {
				"nmod": {
					"di": "VICTIM",
					"dei": "VICTIM"
				}
			},
			"POPULATED_PLACE": {
				"nmod": {
					"alla": "PLACE"
				}
			},
			"DATE": {
				"nummod": {
					"nell'": "TIME"
				},
				"nmod": {
					"nel": "TIME"
				}
			},
			"DURATION": {
				"nmod": {
					"nella": "TIME"
				}
			}
        }
    },
    "viaggio": {
        "TRAVEL": {
            "LOC": {
                "nmod": {
					"alla": "GOAL",
					"allo": "GOAL",
					"attraverso": "PATH",
					"fino": "GOAL",
					"per": "INTENDED_GOAL",
                    "a": "GOAL",
                    "ad": "GOAL",
                    "al": "GOAL",
                    "da": "SOURCE",
                    "dalla": "SOURCE",
                    "in": "AREA",
                    "verso": "INTENDED_GOAL"
                }
            },
            "VEHICLE": {
                "nmod": {
                    "su": "MODE_OF_TRANSPORTATION",
                    "in": "MODE_OF_TRANSPORTATION",
					"sui": "MODE_OF_TRANSPORTATION"
					
                }
            },
            "PER": {
                "nmod": {
                    "di": "TRAVELLER",
					"con": "CO-TRAVELLER"
                }
            },
			"GEOPHYS_F": {
				"nmod": {
					"attraverso": "PATH"
				}
			},
			"POPULATED_PLACE": {
				"nmod": {
					"in": "GOAL",
					"da": "SOURCE"
				}
			},
			"DATE": {
				"nummod": {
					"nel": "TIME"
				},
				"nmod": {
					"di": "TIME",
					"a": "TIME",
					"ai": "TIME"
				}
			},
			"PLACE": {
				"nmod": {
					"nella": "GOAL"
				}
			},
			"DURATION": {
				"nmod": {
					"nella": "TIME"
				}
			}
        }
    }
}
